,id,cover_image_uri,creator_id,description,icon_uri,name,resized_icon_uri,short_id,updated_at
0,60b083c0-528d-11ec-a9bd-be7e7a8d3eac,,5e64bb62-4be0-11ec-aad5-eccb9bc4f187,,block/default_icon.jpg,sierrahoneycutt2022's BLOK,"{""default"": {""url"": ""block/default_icon.jpg"", ""width"": 1000, ""height"": 1000, ""mime_type"": ""jpeg""}, ""tiny"": {""url"": ""block/default_icon.tiny.jpg"", ""width"": 80, ""height"": 80, ""mime_type"": ""jpeg""}, ""small"": {""url"": ""block/default_icon.small.jpg"", ""width"": 160, ""height"": 160, ""mime_type"": ""jpeg""}, ""medium"": {""url"": ""block/default_icon.medium.jpg"", ""width"": 320, ""height"": 320, ""mime_type"": ""jpeg""}, ""large"": {""url"": ""block/default_icon.large.jpg"", ""width"": 800, ""height"": 800, ""mime_type"": ""jpeg""}}",cdf5a08b,
1,62b7b4c2-528d-11ec-b593-8418c6c68351,,c9d7fd14-4d7f-11ec-bde9-aacd36976ad4,,block/default_icon.jpg,xeyre's BLOK,"{""default"": {""url"": ""block/default_icon.jpg"", ""width"": 1000, ""height"": 1000, ""mime_type"": ""jpeg""}, ""tiny"": {""url"": ""block/default_icon.tiny.jpg"", ""width"": 80, ""height"": 80, ""mime_type"": ""jpeg""}, ""small"": {""url"": ""block/default_icon.small.jpg"", ""width"": 160, ""height"": 160, ""mime_type"": ""jpeg""}, ""medium"": {""url"": ""block/default_icon.medium.jpg"", ""width"": 320, ""height"": 320, ""mime_type"": ""jpeg""}, ""large"": {""url"": ""block/default_icon.large.jpg"", ""width"": 800, ""height"": 800, ""mime_type"": ""jpeg""}}",11c11e47,
2,c0c11524-51b4-11ec-aae1-5aaf90033b69,,086c0164-3e09-11ec-af1c-166bc3c05ee1,,block/default_icon.jpg,motodimago's BLOK,"{""default"": {""url"": ""block/default_icon.jpg"", ""width"": 1000, ""height"": 1000, ""mime_type"": ""jpeg""}, ""tiny"": {""url"": ""block/default_icon.tiny.jpg"", ""width"": 80, ""height"": 80, ""mime_type"": ""jpeg""}, ""small"": {""url"": ""block/default_icon.small.jpg"", ""width"": 160, ""height"": 160, ""mime_type"": ""jpeg""}, ""medium"": {""url"": ""block/default_icon.medium.jpg"", ""width"": 320, ""height"": 320, ""mime_type"": ""jpeg""}, ""large"": {""url"": ""block/default_icon.large.jpg"", ""width"": 800, ""height"": 800, ""mime_type"": ""jpeg""}}",20974eb7,
3,883b6a5a-51ba-11ec-848d-795ca23cc858,,87cc8630-51ba-11ec-8401-8a1eed32e025,"helllloooooooo 

a
b








d



c",block/default_icon.jpg,Rosiiieeee's Blok,"{""default"": {""url"": ""block/default_icon.jpg"", ""width"": 1000, ""height"": 1000, ""mime_type"": ""jpeg""}, ""tiny"": {""url"": ""block/default_icon.tiny.jpg"", ""width"": 80, ""height"": 80, ""mime_type"": ""jpeg""}, ""small"": {""url"": ""block/default_icon.small.jpg"", ""width"": 160, ""height"": 160, ""mime_type"": ""jpeg""}, ""medium"": {""url"": ""block/default_icon.medium.jpg"", ""width"": 320, ""height"": 320, ""mime_type"": ""jpeg""}, ""large"": {""url"": ""block/default_icon.large.jpg"", ""width"": 800, ""height"": 800, ""mime_type"": ""jpeg""}}",7c9f84f8,2021-11-30 08:56:59.312
4,6509a1b8-528d-11ec-87b5-a2668cd1f91a,,0acdc93c-3289-11ec-8288-37b3a133648b,,block/default_icon.jpg,Ros's BLOK,"{""default"": {""url"": ""block/default_icon.jpg"", ""width"": 1000, ""height"": 1000, ""mime_type"": ""jpeg""}, ""tiny"": {""url"": ""block/default_icon.tiny.jpg"", ""width"": 80, ""height"": 80, ""mime_type"": ""jpeg""}, ""small"": {""url"": ""block/default_icon.small.jpg"", ""width"": 160, ""height"": 160, ""mime_type"": ""jpeg""}, ""medium"": {""url"": ""block/default_icon.medium.jpg"", ""width"": 320, ""height"": 320, ""mime_type"": ""jpeg""}, ""large"": {""url"": ""block/default_icon.large.jpg"", ""width"": 800, ""height"": 800, ""mime_type"": ""jpeg""}}",a615a263,
5,5c097ac0-528d-11ec-a2a8-ca4242a51646,,bc184e68-3286-11ec-8b7b-83da43ba4362,,block/default_icon.jpg,tsuki_rabbit's BLOK,"{""default"": {""url"": ""block/default_icon.jpg"", ""width"": 1000, ""height"": 1000, ""mime_type"": ""jpeg""}, ""tiny"": {""url"": ""block/default_icon.tiny.jpg"", ""width"": 80, ""height"": 80, ""mime_type"": ""jpeg""}, ""small"": {""url"": ""block/default_icon.small.jpg"", ""width"": 160, ""height"": 160, ""mime_type"": ""jpeg""}, ""medium"": {""url"": ""block/default_icon.medium.jpg"", ""width"": 320, ""height"": 320, ""mime_type"": ""jpeg""}, ""large"": {""url"": ""block/default_icon.large.jpg"", ""width"": 800, ""height"": 800, ""mime_type"": ""jpeg""}}",27b6c5ef,
6,5f63c9c8-528d-11ec-9d06-7d6824b62304,,e0a78ae2-4e5a-11ec-8ec2-a2ea2ca4bbe7,,block/default_icon.jpg,Unbalanxed's BLOK,"{""default"": {""url"": ""block/default_icon.jpg"", ""width"": 1000, ""height"": 1000, ""mime_type"": ""jpeg""}, ""tiny"": {""url"": ""block/default_icon.tiny.jpg"", ""width"": 80, ""height"": 80, ""mime_type"": ""jpeg""}, ""small"": {""url"": ""block/default_icon.small.jpg"", ""width"": 160, ""height"": 160, ""mime_type"": ""jpeg""}, ""medium"": {""url"": ""block/default_icon.medium.jpg"", ""width"": 320, ""height"": 320, ""mime_type"": ""jpeg""}, ""large"": {""url"": ""block/default_icon.large.jpg"", ""width"": 800, ""height"": 800, ""mime_type"": ""jpeg""}}",785e5f21,
7,2c5435ea-528d-11ec-998f-f75d25c4adf4,,3ba443ea-4348-11ec-b120-40d7b2fee6a6,,block/default_icon.jpg,Amory's BLOK,"{""default"": {""url"": ""block/default_icon.jpg"", ""width"": 1000, ""height"": 1000, ""mime_type"": ""jpeg""}, ""tiny"": {""url"": ""block/default_icon.tiny.jpg"", ""width"": 80, ""height"": 80, ""mime_type"": ""jpeg""}, ""small"": {""url"": ""block/default_icon.small.jpg"", ""width"": 160, ""height"": 160, ""mime_type"": ""jpeg""}, ""medium"": {""url"": ""block/default_icon.medium.jpg"", ""width"": 320, ""height"": 320, ""mime_type"": ""jpeg""}, ""large"": {""url"": ""block/default_icon.large.jpg"", ""width"": 800, ""height"": 800, ""mime_type"": ""jpeg""}}",39ec7083,
8,d3461bfa-56e5-11ec-9725-bea6b4592d55,,73e6789c-41ca-11ec-a8b6-a4c0148ad650,,block/default_icon.jpg,dawgru4real's 2 BLOK,"{""default"": {""url"": ""block/default_icon.jpg"", ""width"": 1000, ""height"": 1000, ""mime_type"": ""jpeg""}, ""tiny"": {""url"": ""block/default_icon.tiny.jpg"", ""width"": 80, ""height"": 80, ""mime_type"": ""jpeg""}, ""small"": {""url"": ""block/default_icon.small.jpg"", ""width"": 160, ""height"": 160, ""mime_type"": ""jpeg""}, ""medium"": {""url"": ""block/default_icon.medium.jpg"", ""width"": 320, ""height"": 320, ""mime_type"": ""jpeg""}, ""large"": {""url"": ""block/default_icon.large.jpg"", ""width"": 800, ""height"": 800, ""mime_type"": ""jpeg""}}",541ae9f4,
9,5abb68c2-528d-11ec-8dbb-af9135ecdca4,,774f3b62-3e97-11ec-a752-999697ce82c9,,block/default_icon.jpg,MrRecordMan's BLOK,"{""default"": {""url"": ""block/default_icon.jpg"", ""width"": 1000, ""height"": 1000, ""mime_type"": ""jpeg""}, ""tiny"": {""url"": ""block/default_icon.tiny.jpg"", ""width"": 80, ""height"": 80, ""mime_type"": ""jpeg""}, ""small"": {""url"": ""block/default_icon.small.jpg"", ""width"": 160, ""height"": 160, ""mime_type"": ""jpeg""}, ""medium"": {""url"": ""block/default_icon.medium.jpg"", ""width"": 320, ""height"": 320, ""mime_type"": ""jpeg""}, ""large"": {""url"": ""block/default_icon.large.jpg"", ""width"": 800, ""height"": 800, ""mime_type"": ""jpeg""}}",74889230,
10,6a5af1b8-5714-11ec-b412-48c7fb3d4a95,,69ded394-5714-11ec-9c4f-88116078fe89,,block/default_icon.jpg,James's BLOK,"{""default"": {""url"": ""block/default_icon.jpg"", ""width"": 1000, ""height"": 1000, ""mime_type"": ""jpeg""}, ""tiny"": {""url"": ""block/default_icon.tiny.jpg"", ""width"": 80, ""height"": 80, ""mime_type"": ""jpeg""}, ""small"": {""url"": ""block/default_icon.small.jpg"", ""width"": 160, ""height"": 160, ""mime_type"": ""jpeg""}, ""medium"": {""url"": ""block/default_icon.medium.jpg"", ""width"": 320, ""height"": 320, ""mime_type"": ""jpeg""}, ""large"": {""url"": ""block/default_icon.large.jpg"", ""width"": 800, ""height"": 800, ""mime_type"": ""jpeg""}}",04c7e66f,
11,2a408d42-51db-11ec-8731-b7b3795d6762,,07bb7218-3e1d-11ec-807f-e967a48dff68,,block/default_icon.jpg,Rosieâ€™s BLOK,"{""default"": {""url"": ""block/default_icon.jpg"", ""width"": 1000, ""height"": 1000, ""mime_type"": ""jpeg""}, ""tiny"": {""url"": ""block/default_icon.tiny.jpg"", ""width"": 80, ""height"": 80, ""mime_type"": ""jpeg""}, ""small"": {""url"": ""block/default_icon.small.jpg"", ""width"": 160, ""height"": 160, ""mime_type"": ""jpeg""}, ""medium"": {""url"": ""block/default_icon.medium.jpg"", ""width"": 320, ""height"": 320, ""mime_type"": ""jpeg""}, ""large"": {""url"": ""block/default_icon.large.jpg"", ""width"": 800, ""height"": 800, ""mime_type"": ""jpeg""}}",b637c1d2,
12,57d29aa4-528d-11ec-934c-336f602071c0,,0b940da4-3fa4-11ec-ae44-e418f1ed08b7,,block/default_icon.jpg,ken's BLOK,"{""default"": {""url"": ""block/default_icon.jpg"", ""width"": 1000, ""height"": 1000, ""mime_type"": ""jpeg""}, ""tiny"": {""url"": ""block/default_icon.tiny.jpg"", ""width"": 80, ""height"": 80, ""mime_type"": ""jpeg""}, ""small"": {""url"": ""block/default_icon.small.jpg"", ""width"": 160, ""height"": 160, ""mime_type"": ""jpeg""}, ""medium"": {""url"": ""block/default_icon.medium.jpg"", ""width"": 320, ""height"": 320, ""mime_type"": ""jpeg""}, ""large"": {""url"": ""block/default_icon.large.jpg"", ""width"": 800, ""height"": 800, ""mime_type"": ""jpeg""}}",06540402,
13,56f22f32-528d-11ec-a4a5-1ffaf67e0862,,caf68e22-3317-11ec-b992-c183bb5a0aba,,block/default_icon.jpg,bbbbbb's BLOK,"{""default"": {""url"": ""block/default_icon.jpg"", ""width"": 1000, ""height"": 1000, ""mime_type"": ""jpeg""}, ""tiny"": {""url"": ""block/default_icon.tiny.jpg"", ""width"": 80, ""height"": 80, ""mime_type"": ""jpeg""}, ""small"": {""url"": ""block/default_icon.small.jpg"", ""width"": 160, ""height"": 160, ""mime_type"": ""jpeg""}, ""medium"": {""url"": ""block/default_icon.medium.jpg"", ""width"": 320, ""height"": 320, ""mime_type"": ""jpeg""}, ""large"": {""url"": ""block/default_icon.large.jpg"", ""width"": 800, ""height"": 800, ""mime_type"": ""jpeg""}}",23bfda83,
14,5b9ad034-528d-11ec-91f1-9fa6938adbf6,,30ecc4be-331b-11ec-8b7c-4f667ee55425,,block/default_icon.jpg,mai988's BLOK,"{""default"": {""url"": ""block/default_icon.jpg"", ""width"": 1000, ""height"": 1000, ""mime_type"": ""jpeg""}, ""tiny"": {""url"": ""block/default_icon.tiny.jpg"", ""width"": 80, ""height"": 80, ""mime_type"": ""jpeg""}, ""small"": {""url"": ""block/default_icon.small.jpg"", ""width"": 160, ""height"": 160, ""mime_type"": ""jpeg""}, ""medium"": {""url"": ""block/default_icon.medium.jpg"", ""width"": 320, ""height"": 320, ""mime_type"": ""jpeg""}, ""large"": {""url"": ""block/default_icon.large.jpg"", ""width"": 800, ""height"": 800, ""mime_type"": ""jpeg""}}",a8b41dd4,
15,5fd266f8-528d-11ec-91e2-1eba7f1659e5,,745f49f8-3288-11ec-b6d7-04912a3f45ac,,block/default_icon.jpg,tsukirabitt's BLOK,"{""default"": {""url"": ""block/default_icon.jpg"", ""width"": 1000, ""height"": 1000, ""mime_type"": ""jpeg""}, ""tiny"": {""url"": ""block/default_icon.tiny.jpg"", ""width"": 80, ""height"": 80, ""mime_type"": ""jpeg""}, ""small"": {""url"": ""block/default_icon.small.jpg"", ""width"": 160, ""height"": 160, ""mime_type"": ""jpeg""}, ""medium"": {""url"": ""block/default_icon.medium.jpg"", ""width"": 320, ""height"": 320, ""mime_type"": ""jpeg""}, ""large"": {""url"": ""block/default_icon.large.jpg"", ""width"": 800, ""height"": 800, ""mime_type"": ""jpeg""}}",555b06ae,
16,59211322-528d-11ec-9720-af327b3c209f,,dbc30076-484f-11ec-b060-b50460965605,,block/default_icon.jpg,Gus's BLOK,"{""default"": {""url"": ""block/default_icon.jpg"", ""width"": 1000, ""height"": 1000, ""mime_type"": ""jpeg""}, ""tiny"": {""url"": ""block/default_icon.tiny.jpg"", ""width"": 80, ""height"": 80, ""mime_type"": ""jpeg""}, ""small"": {""url"": ""block/default_icon.small.jpg"", ""width"": 160, ""height"": 160, ""mime_type"": ""jpeg""}, ""medium"": {""url"": ""block/default_icon.medium.jpg"", ""width"": 320, ""height"": 320, ""mime_type"": ""jpeg""}, ""large"": {""url"": ""block/default_icon.large.jpg"", ""width"": 800, ""height"": 800, ""mime_type"": ""jpeg""}}",4df456da,
17,50d67db0-528d-11ec-af83-2c2426fd1f6c,,02067cf4-407b-11ec-97e9-a72123dd15f3,,block/default_icon.jpg,awesomepeach's BLOK,"{""default"": {""url"": ""block/default_icon.jpg"", ""width"": 1000, ""height"": 1000, ""mime_type"": ""jpeg""}, ""tiny"": {""url"": ""block/default_icon.tiny.jpg"", ""width"": 80, ""height"": 80, ""mime_type"": ""jpeg""}, ""small"": {""url"": ""block/default_icon.small.jpg"", ""width"": 160, ""height"": 160, ""mime_type"": ""jpeg""}, ""medium"": {""url"": ""block/default_icon.medium.jpg"", ""width"": 320, ""height"": 320, ""mime_type"": ""jpeg""}, ""large"": {""url"": ""block/default_icon.large.jpg"", ""width"": 800, ""height"": 800, ""mime_type"": ""jpeg""}}",49760ee7,
18,5e138e50-528d-11ec-b2b3-b72339d087da,,73e6789c-41ca-11ec-a8b6-a4c0148ad650,,block/default_icon.jpg,dawgru4real's BLOK,"{""default"": {""url"": ""block/default_icon.jpg"", ""width"": 1000, ""height"": 1000, ""mime_type"": ""jpeg""}, ""tiny"": {""url"": ""block/default_icon.tiny.jpg"", ""width"": 80, ""height"": 80, ""mime_type"": ""jpeg""}, ""small"": {""url"": ""block/default_icon.small.jpg"", ""width"": 160, ""height"": 160, ""mime_type"": ""jpeg""}, ""medium"": {""url"": ""block/default_icon.medium.jpg"", ""width"": 320, ""height"": 320, ""mime_type"": ""jpeg""}, ""large"": {""url"": ""block/default_icon.large.jpg"", ""width"": 800, ""height"": 800, ""mime_type"": ""jpeg""}}",486022e2,
19,61d95fc4-528d-11ec-8fd6-a3c3e9c60000,,1f72bb52-4627-11ec-9b1b-66de6f72b2fe,,block/default_icon.jpg,pham_hanh12's BLOK,"{""default"": {""url"": ""block/default_icon.jpg"", ""width"": 1000, ""height"": 1000, ""mime_type"": ""jpeg""}, ""tiny"": {""url"": ""block/default_icon.tiny.jpg"", ""width"": 80, ""height"": 80, ""mime_type"": ""jpeg""}, ""small"": {""url"": ""block/default_icon.small.jpg"", ""width"": 160, ""height"": 160, ""mime_type"": ""jpeg""}, ""medium"": {""url"": ""block/default_icon.medium.jpg"", ""width"": 320, ""height"": 320, ""mime_type"": ""jpeg""}, ""large"": {""url"": ""block/default_icon.large.jpg"", ""width"": 800, ""height"": 800, ""mime_type"": ""jpeg""}}",342c0960,
20,42986574-58b9-11ec-8c11-affed2654525,,423451ba-58b9-11ec-acc0-4820484bcd89,,block/default_icon.jpg,panda07's BLOK,"{""default"": {""url"": ""block/default_icon.jpg"", ""width"": 1000, ""height"": 1000, ""mime_type"": ""jpeg""}, ""tiny"": {""url"": ""block/default_icon.tiny.jpg"", ""width"": 80, ""height"": 80, ""mime_type"": ""jpeg""}, ""small"": {""url"": ""block/default_icon.small.jpg"", ""width"": 160, ""height"": 160, ""mime_type"": ""jpeg""}, ""medium"": {""url"": ""block/default_icon.medium.jpg"", ""width"": 320, ""height"": 320, ""mime_type"": ""jpeg""}, ""large"": {""url"": ""block/default_icon.large.jpg"", ""width"": 800, ""height"": 800, ""mime_type"": ""jpeg""}}",57563373,
21,bd05abbc-55e6-11ec-b1b2-4cd4450b20c0,,bc8c628e-55e6-11ec-bc05-1e9e9f29ac54,,block/default_icon.jpg,noiz_mak3r101's BLOK,"{""default"": {""url"": ""block/default_icon.jpg"", ""width"": 1000, ""height"": 1000, ""mime_type"": ""jpeg""}, ""tiny"": {""url"": ""block/default_icon.tiny.jpg"", ""width"": 80, ""height"": 80, ""mime_type"": ""jpeg""}, ""small"": {""url"": ""block/default_icon.small.jpg"", ""width"": 160, ""height"": 160, ""mime_type"": ""jpeg""}, ""medium"": {""url"": ""block/default_icon.medium.jpg"", ""width"": 320, ""height"": 320, ""mime_type"": ""jpeg""}, ""large"": {""url"": ""block/default_icon.large.jpg"", ""width"": 800, ""height"": 800, ""mime_type"": ""jpeg""}}",2d2ef0cc,
22,52df99e8-528d-11ec-abc9-2cd57eb946e7,,6de0cc28-407f-11ec-983a-242accf03efa,,block/default_icon.jpg,michaellam's BLOK,"{""default"": {""url"": ""block/default_icon.jpg"", ""width"": 1000, ""height"": 1000, ""mime_type"": ""jpeg""}, ""tiny"": {""url"": ""block/default_icon.tiny.jpg"", ""width"": 80, ""height"": 80, ""mime_type"": ""jpeg""}, ""small"": {""url"": ""block/default_icon.small.jpg"", ""width"": 160, ""height"": 160, ""mime_type"": ""jpeg""}, ""medium"": {""url"": ""block/default_icon.medium.jpg"", ""width"": 320, ""height"": 320, ""mime_type"": ""jpeg""}, ""large"": {""url"": ""block/default_icon.large.jpg"", ""width"": 800, ""height"": 800, ""mime_type"": ""jpeg""}}",69a74817,
23,52703ecc-528d-11ec-a858-14684abb7f20,,eff78ff4-324b-11ec-8a7a-9284af838714,,block/default_icon.jpg,Rosie's BLOK,"{""default"": {""url"": ""block/default_icon.jpg"", ""width"": 1000, ""height"": 1000, ""mime_type"": ""jpeg""}, ""tiny"": {""url"": ""block/default_icon.tiny.jpg"", ""width"": 80, ""height"": 80, ""mime_type"": ""jpeg""}, ""small"": {""url"": ""block/default_icon.small.jpg"", ""width"": 160, ""height"": 160, ""mime_type"": ""jpeg""}, ""medium"": {""url"": ""block/default_icon.medium.jpg"", ""width"": 320, ""height"": 320, ""mime_type"": ""jpeg""}, ""large"": {""url"": ""block/default_icon.large.jpg"", ""width"": 800, ""height"": 800, ""mime_type"": ""jpeg""}}",bae26ed2,
24,51b5ce98-528d-11ec-b5a0-9db0c2e61ec2,,3d918522-3313-11ec-8329-feef32fc5b19,,block/default_icon.jpg,Rosie123's BLOK,"{""default"": {""url"": ""block/default_icon.jpg"", ""width"": 1000, ""height"": 1000, ""mime_type"": ""jpeg""}, ""tiny"": {""url"": ""block/default_icon.tiny.jpg"", ""width"": 80, ""height"": 80, ""mime_type"": ""jpeg""}, ""small"": {""url"": ""block/default_icon.small.jpg"", ""width"": 160, ""height"": 160, ""mime_type"": ""jpeg""}, ""medium"": {""url"": ""block/default_icon.medium.jpg"", ""width"": 320, ""height"": 320, ""mime_type"": ""jpeg""}, ""large"": {""url"": ""block/default_icon.large.jpg"", ""width"": 800, ""height"": 800, ""mime_type"": ""jpeg""}}",e9ad5d75,
25,b340afc4-5653-11ec-96dc-cd781f7fce08,,b2a9f62e-5653-11ec-811a-8d9a3831ba42,,block/default_icon.jpg,hidakaya's BLOK,"{""default"": {""url"": ""block/default_icon.jpg"", ""width"": 1000, ""height"": 1000, ""mime_type"": ""jpeg""}, ""tiny"": {""url"": ""block/default_icon.tiny.jpg"", ""width"": 80, ""height"": 80, ""mime_type"": ""jpeg""}, ""small"": {""url"": ""block/default_icon.small.jpg"", ""width"": 160, ""height"": 160, ""mime_type"": ""jpeg""}, ""medium"": {""url"": ""block/default_icon.medium.jpg"", ""width"": 320, ""height"": 320, ""mime_type"": ""jpeg""}, ""large"": {""url"": ""block/default_icon.large.jpg"", ""width"": 800, ""height"": 800, ""mime_type"": ""jpeg""}}",a0385b03,
26,58b1ca08-528d-11ec-836f-8802f557486f,,a3fcb9c8-3e1f-11ec-a777-75b999be7f89,,block/default_icon.jpg,phanngt's BLOK,"{""default"": {""url"": ""block/default_icon.jpg"", ""width"": 1000, ""height"": 1000, ""mime_type"": ""jpeg""}, ""tiny"": {""url"": ""block/default_icon.tiny.jpg"", ""width"": 80, ""height"": 80, ""mime_type"": ""jpeg""}, ""small"": {""url"": ""block/default_icon.small.jpg"", ""width"": 160, ""height"": 160, ""mime_type"": ""jpeg""}, ""medium"": {""url"": ""block/default_icon.medium.jpg"", ""width"": 320, ""height"": 320, ""mime_type"": ""jpeg""}, ""large"": {""url"": ""block/default_icon.large.jpg"", ""width"": 800, ""height"": 800, ""mime_type"": ""jpeg""}}",5f104801,
27,b3792510-51c7-11ec-8b02-97708e6163b0,,e340d9c6-4364-11ec-a444-e734332dc01d,,block/icon_b379251051c711ec8b0297708e6163b0.20211130112811.jpg,mai477's BLOK,"{""default"": {""url"": ""block/icon_b379251051c711ec8b0297708e6163b0.20211130112811.jpg"", ""width"": 1000, ""height"": 1000, ""mime_type"": ""jpeg""}, ""tiny"": {""url"": ""block/icon_b379251051c711ec8b0297708e6163b0.tiny.20211130112811.jpg"", ""width"": 80, ""height"": 80, ""mime_type"": ""jpeg""}, ""small"": {""url"": ""block/icon_b379251051c711ec8b0297708e6163b0.small.20211130112811.jpg"", ""width"": 160, ""height"": 160, ""mime_type"": ""jpeg""}, ""medium"": {""url"": ""block/icon_b379251051c711ec8b0297708e6163b0.medium.20211130112811.jpg"", ""width"": 320, ""height"": 320, ""mime_type"": ""jpeg""}, ""large"": {""url"": ""block/icon_b379251051c711ec8b0297708e6163b0.large.20211130112811.jpg"", ""width"": 800, ""height"": 800, ""mime_type"": ""jpeg""}}",3918da36,2021-11-30 11:28:12.060
28,6248c378-528d-11ec-beac-36b8414b7a3a,,8a069110-3316-11ec-9558-81268cfa1e12,,block/default_icon.jpg,ygyghbh's BLOK,"{""default"": {""url"": ""block/default_icon.jpg"", ""width"": 1000, ""height"": 1000, ""mime_type"": ""jpeg""}, ""tiny"": {""url"": ""block/default_icon.tiny.jpg"", ""width"": 80, ""height"": 80, ""mime_type"": ""jpeg""}, ""small"": {""url"": ""block/default_icon.small.jpg"", ""width"": 160, ""height"": 160, ""mime_type"": ""jpeg""}, ""medium"": {""url"": ""block/default_icon.medium.jpg"", ""width"": 320, ""height"": 320, ""mime_type"": ""jpeg""}, ""large"": {""url"": ""block/default_icon.large.jpg"", ""width"": 800, ""height"": 800, ""mime_type"": ""jpeg""}}",ad7731f6,
29,66c52d42-528d-11ec-b8a3-bacd1e50d0f7,,7e1a8aca-4bdd-11ec-91be-37ccbb55fab5,,block/default_icon.jpg,bigZoom216's BLOK,"{""default"": {""url"": ""block/default_icon.jpg"", ""width"": 1000, ""height"": 1000, ""mime_type"": ""jpeg""}, ""tiny"": {""url"": ""block/default_icon.tiny.jpg"", ""width"": 80, ""height"": 80, ""mime_type"": ""jpeg""}, ""small"": {""url"": ""block/default_icon.small.jpg"", ""width"": 160, ""height"": 160, ""mime_type"": ""jpeg""}, ""medium"": {""url"": ""block/default_icon.medium.jpg"", ""width"": 320, ""height"": 320, ""mime_type"": ""jpeg""}, ""large"": {""url"": ""block/default_icon.large.jpg"", ""width"": 800, ""height"": 800, ""mime_type"": ""jpeg""}}",d784f789,
30,90bda962-51bb-11ec-949c-ce4ee627e597,,4b96e0f6-323f-11ec-b1ea-94bbbdaee87f,hello hello láº§n 3 nÃ¨,block/icon_90bda96251bb11ec949cce4ee627e597.20211130125901.jpg,luck3's BLOK 1,"{""default"": {""url"": ""block/icon_90bda96251bb11ec949cce4ee627e597.20211130125901.jpg"", ""width"": 1080, ""height"": 1080, ""mime_type"": ""jpeg""}, ""tiny"": {""url"": ""block/icon_90bda96251bb11ec949cce4ee627e597.tiny.20211130125901.jpg"", ""width"": 80, ""height"": 80, ""mime_type"": ""jpeg""}, ""small"": {""url"": ""block/icon_90bda96251bb11ec949cce4ee627e597.small.20211130125901.jpg"", ""width"": 160, ""height"": 160, ""mime_type"": ""jpeg""}, ""medium"": {""url"": ""block/icon_90bda96251bb11ec949cce4ee627e597.medium.20211130125901.jpg"", ""width"": 320, ""height"": 320, ""mime_type"": ""jpeg""}, ""large"": {""url"": ""block/icon_90bda96251bb11ec949cce4ee627e597.large.20211130125901.jpg"", ""width"": 800, ""height"": 800, ""mime_type"": ""jpeg""}}",9abee74e,2021-11-30 12:59:02.497
31,5a4b9826-528d-11ec-969e-9179ebefed2b,,ee248f30-4bd5-11ec-9b73-dd21c2b4b8f3,,block/default_icon.jpg,sydxeyx's BLOK,"{""default"": {""url"": ""block/default_icon.jpg"", ""width"": 1000, ""height"": 1000, ""mime_type"": ""jpeg""}, ""tiny"": {""url"": ""block/default_icon.tiny.jpg"", ""width"": 80, ""height"": 80, ""mime_type"": ""jpeg""}, ""small"": {""url"": ""block/default_icon.small.jpg"", ""width"": 160, ""height"": 160, ""mime_type"": ""jpeg""}, ""medium"": {""url"": ""block/default_icon.medium.jpg"", ""width"": 320, ""height"": 320, ""mime_type"": ""jpeg""}, ""large"": {""url"": ""block/default_icon.large.jpg"", ""width"": 800, ""height"": 800, ""mime_type"": ""jpeg""}}",a196bb80,
32,13ef89a6-53e5-11ec-8856-019d7cedd557,,4207fabe-4191-11ec-a39e-becb1c27bf8c,"Welcome to the testing room for the new BLOK feature!

Feel free to speak casually & share any new insights you find in the Chat. Thanks!",block/icon_13ef89a653e511ec8856019d7cedd557.20211206192133.jpg,"Testing, testing, 1, 2, 3!","{""default"": {""url"": ""block/icon_13ef89a653e511ec8856019d7cedd557.20211206192133.jpg"", ""width"": 999, ""height"": 1000, ""mime_type"": ""jpeg""}, ""tiny"": {""url"": ""block/icon_13ef89a653e511ec8856019d7cedd557.tiny.20211206192133.jpg"", ""width"": 80, ""height"": 80, ""mime_type"": ""jpeg""}, ""small"": {""url"": ""block/icon_13ef89a653e511ec8856019d7cedd557.small.20211206192133.jpg"", ""width"": 160, ""height"": 160, ""mime_type"": ""jpeg""}, ""medium"": {""url"": ""block/icon_13ef89a653e511ec8856019d7cedd557.medium.20211206192133.jpg"", ""width"": 320, ""height"": 320, ""mime_type"": ""jpeg""}, ""large"": {""url"": ""block/icon_13ef89a653e511ec8856019d7cedd557.large.20211206192133.jpg"", ""width"": 800, ""height"": 800, ""mime_type"": ""jpeg""}}",0f354031,2021-12-06 19:21:33.904
33,649a72ac-528d-11ec-a041-c44fffd61985,,efcf0f12-4bef-11ec-9846-6562e6fb1b2a,,block/default_icon.jpg,the0nly1con's BLOK,"{""default"": {""url"": ""block/default_icon.jpg"", ""width"": 1000, ""height"": 1000, ""mime_type"": ""jpeg""}, ""tiny"": {""url"": ""block/default_icon.tiny.jpg"", ""width"": 80, ""height"": 80, ""mime_type"": ""jpeg""}, ""small"": {""url"": ""block/default_icon.small.jpg"", ""width"": 160, ""height"": 160, ""mime_type"": ""jpeg""}, ""medium"": {""url"": ""block/default_icon.medium.jpg"", ""width"": 320, ""height"": 320, ""mime_type"": ""jpeg""}, ""large"": {""url"": ""block/default_icon.large.jpg"", ""width"": 800, ""height"": 800, ""mime_type"": ""jpeg""}}",815ff54d,
34,ef758e02-51cf-11ec-8743-81712b45fb14,,26a04a38-4367-11ec-af61-e464f5f6361c,,block/default_icon.jpg,mai789â€™,"{""default"": {""url"": ""block/default_icon.jpg"", ""width"": 1000, ""height"": 1000, ""mime_type"": ""jpeg""}, ""tiny"": {""url"": ""block/default_icon.tiny.jpg"", ""width"": 80, ""height"": 80, ""mime_type"": ""jpeg""}, ""small"": {""url"": ""block/default_icon.small.jpg"", ""width"": 160, ""height"": 160, ""mime_type"": ""jpeg""}, ""medium"": {""url"": ""block/default_icon.medium.jpg"", ""width"": 320, ""height"": 320, ""mime_type"": ""jpeg""}, ""large"": {""url"": ""block/default_icon.large.jpg"", ""width"": 800, ""height"": 800, ""mime_type"": ""jpeg""}}",e66707e2,
35,5b2b66e0-528d-11ec-a98b-739d7f68af1d,,4207fabe-4191-11ec-a39e-becb1c27bf8c,"You like Gundam. We like Gundam. Itâ€™s that simple.

This is a place to talk about, share & enjoy all things Gundam or Gunpla-related. Be chill, be supportive & have a good time! ",block/icon_5b2b66e0528d11eca98b739d7f68af1d.20211202065806.jpg,Gundam Galaxy ðŸ¤–,"{""default"": {""url"": ""block/icon_5b2b66e0528d11eca98b739d7f68af1d.20211202065806.jpg"", ""width"": 999, ""height"": 1000, ""mime_type"": ""jpeg""}, ""tiny"": {""url"": ""block/icon_5b2b66e0528d11eca98b739d7f68af1d.tiny.20211202065806.jpg"", ""width"": 80, ""height"": 80, ""mime_type"": ""jpeg""}, ""small"": {""url"": ""block/icon_5b2b66e0528d11eca98b739d7f68af1d.small.20211202065806.jpg"", ""width"": 160, ""height"": 160, ""mime_type"": ""jpeg""}, ""medium"": {""url"": ""block/icon_5b2b66e0528d11eca98b739d7f68af1d.medium.20211202065806.jpg"", ""width"": 320, ""height"": 320, ""mime_type"": ""jpeg""}, ""large"": {""url"": ""block/icon_5b2b66e0528d11eca98b739d7f68af1d.large.20211202065806.jpg"", ""width"": 800, ""height"": 800, ""mime_type"": ""jpeg""}}",0be37cd1,2021-12-02 06:58:07.433
36,5ce88206-528d-11ec-bbf3-666da776135f,,1558551e-3321-11ec-bf95-ce61f5ff7995,,block/default_icon.jpg,tsukikiki's BLOK,"{""default"": {""url"": ""block/default_icon.jpg"", ""width"": 1000, ""height"": 1000, ""mime_type"": ""jpeg""}, ""tiny"": {""url"": ""block/default_icon.tiny.jpg"", ""width"": 80, ""height"": 80, ""mime_type"": ""jpeg""}, ""small"": {""url"": ""block/default_icon.small.jpg"", ""width"": 160, ""height"": 160, ""mime_type"": ""jpeg""}, ""medium"": {""url"": ""block/default_icon.medium.jpg"", ""width"": 320, ""height"": 320, ""mime_type"": ""jpeg""}, ""large"": {""url"": ""block/default_icon.large.jpg"", ""width"": 800, ""height"": 800, ""mime_type"": ""jpeg""}}",2caabb4f,
37,642ace70-528d-11ec-a867-95695e43bf1c,,a458b4c8-3288-11ec-a33c-e474f52b8cb5,,block/default_icon.jpg,mai897's BLOK,"{""default"": {""url"": ""block/default_icon.jpg"", ""width"": 1000, ""height"": 1000, ""mime_type"": ""jpeg""}, ""tiny"": {""url"": ""block/default_icon.tiny.jpg"", ""width"": 80, ""height"": 80, ""mime_type"": ""jpeg""}, ""small"": {""url"": ""block/default_icon.small.jpg"", ""width"": 160, ""height"": 160, ""mime_type"": ""jpeg""}, ""medium"": {""url"": ""block/default_icon.medium.jpg"", ""width"": 320, ""height"": 320, ""mime_type"": ""jpeg""}, ""large"": {""url"": ""block/default_icon.large.jpg"", ""width"": 800, ""height"": 800, ""mime_type"": ""jpeg""}}",4d4c5222,
38,5e839e48-51bb-11ec-8293-67e73ae250ef,,2350f594-3287-11ec-9bc4-d0dbea1a278a,,block/default_icon.jpg,Ab,"{""default"": {""url"": ""block/default_icon.jpg"", ""width"": 1000, ""height"": 1000, ""mime_type"": ""jpeg""}, ""tiny"": {""url"": ""block/default_icon.tiny.jpg"", ""width"": 80, ""height"": 80, ""mime_type"": ""jpeg""}, ""small"": {""url"": ""block/default_icon.small.jpg"", ""width"": 160, ""height"": 160, ""mime_type"": ""jpeg""}, ""medium"": {""url"": ""block/default_icon.medium.jpg"", ""width"": 320, ""height"": 320, ""mime_type"": ""jpeg""}, ""large"": {""url"": ""block/default_icon.large.jpg"", ""width"": 800, ""height"": 800, ""mime_type"": ""jpeg""}}",347ae066,
39,54d1c2be-5650-11ec-b979-e9fd5cc3806b,,26a04a38-4367-11ec-af61-e464f5f6361c,,block/default_icon.jpg,2nd,"{""default"": {""url"": ""block/default_icon.jpg"", ""width"": 1000, ""height"": 1000, ""mime_type"": ""jpeg""}, ""tiny"": {""url"": ""block/default_icon.tiny.jpg"", ""width"": 80, ""height"": 80, ""mime_type"": ""jpeg""}, ""small"": {""url"": ""block/default_icon.small.jpg"", ""width"": 160, ""height"": 160, ""mime_type"": ""jpeg""}, ""medium"": {""url"": ""block/default_icon.medium.jpg"", ""width"": 320, ""height"": 320, ""mime_type"": ""jpeg""}, ""large"": {""url"": ""block/default_icon.large.jpg"", ""width"": 800, ""height"": 800, ""mime_type"": ""jpeg""}}",9a41a23b,
40,5da3965e-528d-11ec-bd78-7dd36fcc9c1e,,4fb96794-3e24-11ec-8fa2-eaabe3d3895a,,block/default_icon.jpg,mariya-takeuchi's BLOK,"{""default"": {""url"": ""block/default_icon.jpg"", ""width"": 1000, ""height"": 1000, ""mime_type"": ""jpeg""}, ""tiny"": {""url"": ""block/default_icon.tiny.jpg"", ""width"": 80, ""height"": 80, ""mime_type"": ""jpeg""}, ""small"": {""url"": ""block/default_icon.small.jpg"", ""width"": 160, ""height"": 160, ""mime_type"": ""jpeg""}, ""medium"": {""url"": ""block/default_icon.medium.jpg"", ""width"": 320, ""height"": 320, ""mime_type"": ""jpeg""}, ""large"": {""url"": ""block/default_icon.large.jpg"", ""width"": 800, ""height"": 800, ""mime_type"": ""jpeg""}}",ec9673d6,
41,5558963e-528d-11ec-a05e-846a1339d46c,,c3b2ec0f-c313-11eb-7f7f-7f7f7f7f7f7f,,block/default_icon.jpg,system.backend's BLOK,"{""default"": {""url"": ""block/default_icon.jpg"", ""width"": 1000, ""height"": 1000, ""mime_type"": ""jpeg""}, ""tiny"": {""url"": ""block/default_icon.tiny.jpg"", ""width"": 80, ""height"": 80, ""mime_type"": ""jpeg""}, ""small"": {""url"": ""block/default_icon.small.jpg"", ""width"": 160, ""height"": 160, ""mime_type"": ""jpeg""}, ""medium"": {""url"": ""block/default_icon.medium.jpg"", ""width"": 320, ""height"": 320, ""mime_type"": ""jpeg""}, ""large"": {""url"": ""block/default_icon.large.jpg"", ""width"": 800, ""height"": 800, ""mime_type"": ""jpeg""}}",3941c475,
42,53bf651e-528d-11ec-b620-b9099400d3b9,,5ed2c3d6-3322-11ec-96e6-b73ed3eda142,,block/default_icon.jpg,tsukiiii's BLOK,"{""default"": {""url"": ""block/default_icon.jpg"", ""width"": 1000, ""height"": 1000, ""mime_type"": ""jpeg""}, ""tiny"": {""url"": ""block/default_icon.tiny.jpg"", ""width"": 80, ""height"": 80, ""mime_type"": ""jpeg""}, ""small"": {""url"": ""block/default_icon.small.jpg"", ""width"": 160, ""height"": 160, ""mime_type"": ""jpeg""}, ""medium"": {""url"": ""block/default_icon.medium.jpg"", ""width"": 320, ""height"": 320, ""mime_type"": ""jpeg""}, ""large"": {""url"": ""block/default_icon.large.jpg"", ""width"": 800, ""height"": 800, ""mime_type"": ""jpeg""}}",fc8a5e4a,
43,5c794404-528d-11ec-9d30-ea6d36c75d4f,,ade92c2c-3312-11ec-a32c-45e028c81697,,block/default_icon.jpg,mai1959's BLOK,"{""default"": {""url"": ""block/default_icon.jpg"", ""width"": 1000, ""height"": 1000, ""mime_type"": ""jpeg""}, ""tiny"": {""url"": ""block/default_icon.tiny.jpg"", ""width"": 80, ""height"": 80, ""mime_type"": ""jpeg""}, ""small"": {""url"": ""block/default_icon.small.jpg"", ""width"": 160, ""height"": 160, ""mime_type"": ""jpeg""}, ""medium"": {""url"": ""block/default_icon.medium.jpg"", ""width"": 320, ""height"": 320, ""mime_type"": ""jpeg""}, ""large"": {""url"": ""block/default_icon.large.jpg"", ""width"": 800, ""height"": 800, ""mime_type"": ""jpeg""}}",4538a67c,
44,34e94b58-5285-11ec-8167-530874f0b74f,,26a04a38-4367-11ec-af61-e464f5f6361c,,block/default_icon.jpg,1st blok,"{""default"": {""url"": ""block/default_icon.jpg"", ""width"": 1000, ""height"": 1000, ""mime_type"": ""jpeg""}, ""tiny"": {""url"": ""block/default_icon.tiny.jpg"", ""width"": 80, ""height"": 80, ""mime_type"": ""jpeg""}, ""small"": {""url"": ""block/default_icon.small.jpg"", ""width"": 160, ""height"": 160, ""mime_type"": ""jpeg""}, ""medium"": {""url"": ""block/default_icon.medium.jpg"", ""width"": 320, ""height"": 320, ""mime_type"": ""jpeg""}, ""large"": {""url"": ""block/default_icon.large.jpg"", ""width"": 800, ""height"": 800, ""mime_type"": ""jpeg""}}",07a30e7f,
45,6655bf20-528d-11ec-a46c-98044f6d1ce0,,eb60082a-333d-11ec-9f80-77b71cd31133,,block/default_icon.jpg,luckrabbit's BLOK,"{""default"": {""url"": ""block/default_icon.jpg"", ""width"": 1000, ""height"": 1000, ""mime_type"": ""jpeg""}, ""tiny"": {""url"": ""block/default_icon.tiny.jpg"", ""width"": 80, ""height"": 80, ""mime_type"": ""jpeg""}, ""small"": {""url"": ""block/default_icon.small.jpg"", ""width"": 160, ""height"": 160, ""mime_type"": ""jpeg""}, ""medium"": {""url"": ""block/default_icon.medium.jpg"", ""width"": 320, ""height"": 320, ""mime_type"": ""jpeg""}, ""large"": {""url"": ""block/default_icon.large.jpg"", ""width"": 800, ""height"": 800, ""mime_type"": ""jpeg""}}",0b631f1c,
46,54e8cd18-528d-11ec-b3b0-40b3a8e367d2,,0a797542-4055-11ec-b470-35f604c8d212,,block/icon_54e8cd18528d11ecb3b040b3a8e367d2.20211206124827.jpg,7S_2021's BLOK,"{""default"": {""url"": ""block/icon_54e8cd18528d11ecb3b040b3a8e367d2.20211206124827.jpg"", ""width"": 1000, ""height"": 1000, ""mime_type"": ""jpeg""}, ""tiny"": {""url"": ""block/icon_54e8cd18528d11ecb3b040b3a8e367d2.tiny.20211206124827.jpg"", ""width"": 80, ""height"": 80, ""mime_type"": ""jpeg""}, ""small"": {""url"": ""block/icon_54e8cd18528d11ecb3b040b3a8e367d2.small.20211206124827.jpg"", ""width"": 160, ""height"": 160, ""mime_type"": ""jpeg""}, ""medium"": {""url"": ""block/icon_54e8cd18528d11ecb3b040b3a8e367d2.medium.20211206124827.jpg"", ""width"": 320, ""height"": 320, ""mime_type"": ""jpeg""}, ""large"": {""url"": ""block/icon_54e8cd18528d11ecb3b040b3a8e367d2.large.20211206124827.jpg"", ""width"": 800, ""height"": 800, ""mime_type"": ""jpeg""}}",e80c9643,2021-12-06 12:48:28.127
47,4ff775e8-528d-11ec-b178-0646f05b60cb,,2a62ccd0-4be7-11ec-927f-6becf3f7aa96,,block/default_icon.jpg,freewillyguy9's BLOK,"{""default"": {""url"": ""block/default_icon.jpg"", ""width"": 1000, ""height"": 1000, ""mime_type"": ""jpeg""}, ""tiny"": {""url"": ""block/default_icon.tiny.jpg"", ""width"": 80, ""height"": 80, ""mime_type"": ""jpeg""}, ""small"": {""url"": ""block/default_icon.small.jpg"", ""width"": 160, ""height"": 160, ""mime_type"": ""jpeg""}, ""medium"": {""url"": ""block/default_icon.medium.jpg"", ""width"": 320, ""height"": 320, ""mime_type"": ""jpeg""}, ""large"": {""url"": ""block/default_icon.large.jpg"", ""width"": 800, ""height"": 800, ""mime_type"": ""jpeg""}}",cafed492,
48,5066cf24-528d-11ec-b170-fd3fd028c378,,537434f4-3311-11ec-a869-2be28de0cf2b,,block/default_icon.jpg,mai121's BLOK,"{""default"": {""url"": ""block/default_icon.jpg"", ""width"": 1000, ""height"": 1000, ""mime_type"": ""jpeg""}, ""tiny"": {""url"": ""block/default_icon.tiny.jpg"", ""width"": 80, ""height"": 80, ""mime_type"": ""jpeg""}, ""small"": {""url"": ""block/default_icon.small.jpg"", ""width"": 160, ""height"": 160, ""mime_type"": ""jpeg""}, ""medium"": {""url"": ""block/default_icon.medium.jpg"", ""width"": 320, ""height"": 320, ""mime_type"": ""jpeg""}, ""large"": {""url"": ""block/default_icon.large.jpg"", ""width"": 800, ""height"": 800, ""mime_type"": ""jpeg""}}",bf997cd2,
49,eebeb3a2-51bc-11ec-812e-2ac15464d590,,4b96e0f6-323f-11ec-b1ea-94bbbdaee87f,,block/default_icon.jpg,luck3â€™s BLOK 2,"{""default"": {""url"": ""block/default_icon.jpg"", ""width"": 1000, ""height"": 1000, ""mime_type"": ""jpeg""}, ""tiny"": {""url"": ""block/default_icon.tiny.jpg"", ""width"": 80, ""height"": 80, ""mime_type"": ""jpeg""}, ""small"": {""url"": ""block/default_icon.small.jpg"", ""width"": 160, ""height"": 160, ""mime_type"": ""jpeg""}, ""medium"": {""url"": ""block/default_icon.medium.jpg"", ""width"": 320, ""height"": 320, ""mime_type"": ""jpeg""}, ""large"": {""url"": ""block/default_icon.large.jpg"", ""width"": 800, ""height"": 800, ""mime_type"": ""jpeg""}}",0884d1b8,
50,65779fd8-528d-11ec-9f32-0bbd68c8eed1,,af4f58a6-3287-11ec-9032-62ed03babd49,,block/default_icon.jpg,tsukitherabbit's BLOK,"{""default"": {""url"": ""block/default_icon.jpg"", ""width"": 1000, ""height"": 1000, ""mime_type"": ""jpeg""}, ""tiny"": {""url"": ""block/default_icon.tiny.jpg"", ""width"": 80, ""height"": 80, ""mime_type"": ""jpeg""}, ""small"": {""url"": ""block/default_icon.small.jpg"", ""width"": 160, ""height"": 160, ""mime_type"": ""jpeg""}, ""medium"": {""url"": ""block/default_icon.medium.jpg"", ""width"": 320, ""height"": 320, ""mime_type"": ""jpeg""}, ""large"": {""url"": ""block/default_icon.large.jpg"", ""width"": 800, ""height"": 800, ""mime_type"": ""jpeg""}}",c927f121,
51,65e66c88-528d-11ec-8531-ed48113bc6be,,3ae3a6e8-353e-11ec-9fa1-8523b02e4912,,block/default_icon.jpg,harry's BLOK,"{""default"": {""url"": ""block/default_icon.jpg"", ""width"": 1000, ""height"": 1000, ""mime_type"": ""jpeg""}, ""tiny"": {""url"": ""block/default_icon.tiny.jpg"", ""width"": 80, ""height"": 80, ""mime_type"": ""jpeg""}, ""small"": {""url"": ""block/default_icon.small.jpg"", ""width"": 160, ""height"": 160, ""mime_type"": ""jpeg""}, ""medium"": {""url"": ""block/default_icon.medium.jpg"", ""width"": 320, ""height"": 320, ""mime_type"": ""jpeg""}, ""large"": {""url"": ""block/default_icon.large.jpg"", ""width"": 800, ""height"": 800, ""mime_type"": ""jpeg""}}",b0f26d78,
52,800705f6-5340-11ec-85cc-28aa22bd9762,,fcd85ac4-354c-11ec-8a67-a069389d8a76,,block/default_icon.jpg,Bl2,"{""default"": {""url"": ""block/default_icon.jpg"", ""width"": 1000, ""height"": 1000, ""mime_type"": ""jpeg""}, ""tiny"": {""url"": ""block/default_icon.tiny.jpg"", ""width"": 80, ""height"": 80, ""mime_type"": ""jpeg""}, ""small"": {""url"": ""block/default_icon.small.jpg"", ""width"": 160, ""height"": 160, ""mime_type"": ""jpeg""}, ""medium"": {""url"": ""block/default_icon.medium.jpg"", ""width"": 320, ""height"": 320, ""mime_type"": ""jpeg""}, ""large"": {""url"": ""block/default_icon.large.jpg"", ""width"": 800, ""height"": 800, ""mime_type"": ""jpeg""}}",46b35110,
53,5479f136-528d-11ec-a049-c153c67e3baf,,3a696060-3e8d-11ec-baff-f27d46aee000,,block/default_icon.jpg,mei's BLOK,"{""default"": {""url"": ""block/default_icon.jpg"", ""width"": 1000, ""height"": 1000, ""mime_type"": ""jpeg""}, ""tiny"": {""url"": ""block/default_icon.tiny.jpg"", ""width"": 80, ""height"": 80, ""mime_type"": ""jpeg""}, ""small"": {""url"": ""block/default_icon.small.jpg"", ""width"": 160, ""height"": 160, ""mime_type"": ""jpeg""}, ""medium"": {""url"": ""block/default_icon.medium.jpg"", ""width"": 320, ""height"": 320, ""mime_type"": ""jpeg""}, ""large"": {""url"": ""block/default_icon.large.jpg"", ""width"": 800, ""height"": 800, ""mime_type"": ""jpeg""}}",40656179,
54,534f8c08-528d-11ec-a408-d7170d3b3324,,3f2b1baa-407e-11ec-9d4e-d3c8bb216e8c,,block/default_icon.jpg,jack's BLOK,"{""default"": {""url"": ""block/default_icon.jpg"", ""width"": 1000, ""height"": 1000, ""mime_type"": ""jpeg""}, ""tiny"": {""url"": ""block/default_icon.tiny.jpg"", ""width"": 80, ""height"": 80, ""mime_type"": ""jpeg""}, ""small"": {""url"": ""block/default_icon.small.jpg"", ""width"": 160, ""height"": 160, ""mime_type"": ""jpeg""}, ""medium"": {""url"": ""block/default_icon.medium.jpg"", ""width"": 320, ""height"": 320, ""mime_type"": ""jpeg""}, ""large"": {""url"": ""block/default_icon.large.jpg"", ""width"": 800, ""height"": 800, ""mime_type"": ""jpeg""}}",719a4a16,
55,63bb93de-528d-11ec-b4b8-ec54fcb3f228,,26b303f2-4bd3-11ec-87c1-e517be6df39b,,block/default_icon.jpg,jameshowley_19's BLOK,"{""default"": {""url"": ""block/default_icon.jpg"", ""width"": 1000, ""height"": 1000, ""mime_type"": ""jpeg""}, ""tiny"": {""url"": ""block/default_icon.tiny.jpg"", ""width"": 80, ""height"": 80, ""mime_type"": ""jpeg""}, ""small"": {""url"": ""block/default_icon.small.jpg"", ""width"": 160, ""height"": 160, ""mime_type"": ""jpeg""}, ""medium"": {""url"": ""block/default_icon.medium.jpg"", ""width"": 320, ""height"": 320, ""mime_type"": ""jpeg""}, ""large"": {""url"": ""block/default_icon.large.jpg"", ""width"": 800, ""height"": 800, ""mime_type"": ""jpeg""}}",a7391462,
56,611f4800-528d-11ec-8b72-44a8ba52525d,,fcd85ac4-354c-11ec-8a67-a069389d8a76,,block/default_icon.jpg,mai977's BLOK,"{""default"": {""url"": ""block/default_icon.jpg"", ""width"": 1000, ""height"": 1000, ""mime_type"": ""jpeg""}, ""tiny"": {""url"": ""block/default_icon.tiny.jpg"", ""width"": 80, ""height"": 80, ""mime_type"": ""jpeg""}, ""small"": {""url"": ""block/default_icon.small.jpg"", ""width"": 160, ""height"": 160, ""mime_type"": ""jpeg""}, ""medium"": {""url"": ""block/default_icon.medium.jpg"", ""width"": 320, ""height"": 320, ""mime_type"": ""jpeg""}, ""large"": {""url"": ""block/default_icon.large.jpg"", ""width"": 800, ""height"": 800, ""mime_type"": ""jpeg""}}",68236455,
57,b5620984-51cf-11ec-aae6-7abbf3913387,,07bb7218-3e1d-11ec-807f-e967a48dff68,,block/default_icon.jpg,hhhhh,"{""default"": {""url"": ""block/default_icon.jpg"", ""width"": 1000, ""height"": 1000, ""mime_type"": ""jpeg""}, ""tiny"": {""url"": ""block/default_icon.tiny.jpg"", ""width"": 80, ""height"": 80, ""mime_type"": ""jpeg""}, ""small"": {""url"": ""block/default_icon.small.jpg"", ""width"": 160, ""height"": 160, ""mime_type"": ""jpeg""}, ""medium"": {""url"": ""block/default_icon.medium.jpg"", ""width"": 320, ""height"": 320, ""mime_type"": ""jpeg""}, ""large"": {""url"": ""block/default_icon.large.jpg"", ""width"": 800, ""height"": 800, ""mime_type"": ""jpeg""}}",ad04bab9,
58,55c8088e-528d-11ec-8645-14db32447316,,ac47e572-3f9f-11ec-8706-336d1ac4848e,,block/default_icon.jpg,kenvina's BLOK,"{""default"": {""url"": ""block/default_icon.jpg"", ""width"": 1000, ""height"": 1000, ""mime_type"": ""jpeg""}, ""tiny"": {""url"": ""block/default_icon.tiny.jpg"", ""width"": 80, ""height"": 80, ""mime_type"": ""jpeg""}, ""small"": {""url"": ""block/default_icon.small.jpg"", ""width"": 160, ""height"": 160, ""mime_type"": ""jpeg""}, ""medium"": {""url"": ""block/default_icon.medium.jpg"", ""width"": 320, ""height"": 320, ""mime_type"": ""jpeg""}, ""large"": {""url"": ""block/default_icon.large.jpg"", ""width"": 800, ""height"": 800, ""mime_type"": ""jpeg""}}",8015c76f,
59,67353b8c-528d-11ec-8f11-9ef5f08d97de,,30f4fe9e-4122-11ec-acc7-ef8de78e03cc,,block/default_icon.jpg,ReviewReviewReview's BLOK,"{""default"": {""url"": ""block/default_icon.jpg"", ""width"": 1000, ""height"": 1000, ""mime_type"": ""jpeg""}, ""tiny"": {""url"": ""block/default_icon.tiny.jpg"", ""width"": 80, ""height"": 80, ""mime_type"": ""jpeg""}, ""small"": {""url"": ""block/default_icon.small.jpg"", ""width"": 160, ""height"": 160, ""mime_type"": ""jpeg""}, ""medium"": {""url"": ""block/default_icon.medium.jpg"", ""width"": 320, ""height"": 320, ""mime_type"": ""jpeg""}, ""large"": {""url"": ""block/default_icon.large.jpg"", ""width"": 800, ""height"": 800, ""mime_type"": ""jpeg""}}",e56f7c45,
60,9061d7d0-51d0-11ec-a77a-8f305af09c4d,,8faf58a8-51d0-11ec-afe6-e88efaccecbd,,block/default_icon.jpg,luck_bear_bear's Blok,"{""default"": {""url"": ""block/default_icon.jpg"", ""width"": 1000, ""height"": 1000, ""mime_type"": ""jpeg""}, ""tiny"": {""url"": ""block/default_icon.tiny.jpg"", ""width"": 80, ""height"": 80, ""mime_type"": ""jpeg""}, ""small"": {""url"": ""block/default_icon.small.jpg"", ""width"": 160, ""height"": 160, ""mime_type"": ""jpeg""}, ""medium"": {""url"": ""block/default_icon.medium.jpg"", ""width"": 320, ""height"": 320, ""mime_type"": ""jpeg""}, ""large"": {""url"": ""block/default_icon.large.jpg"", ""width"": 800, ""height"": 800, ""mime_type"": ""jpeg""}}",c2374b24,
61,f504bbfa-51bf-11ec-a70c-977f11dd994d,,4b96e0f6-323f-11ec-b1ea-94bbbdaee87f,,block/default_icon.jpg,luck3â€™s BLOK 3,"{""default"": {""url"": ""block/default_icon.jpg"", ""width"": 1000, ""height"": 1000, ""mime_type"": ""jpeg""}, ""tiny"": {""url"": ""block/default_icon.tiny.jpg"", ""width"": 80, ""height"": 80, ""mime_type"": ""jpeg""}, ""small"": {""url"": ""block/default_icon.small.jpg"", ""width"": 160, ""height"": 160, ""mime_type"": ""jpeg""}, ""medium"": {""url"": ""block/default_icon.medium.jpg"", ""width"": 320, ""height"": 320, ""mime_type"": ""jpeg""}, ""large"": {""url"": ""block/default_icon.large.jpg"", ""width"": 800, ""height"": 800, ""mime_type"": ""jpeg""}}",9443526b,
62,477c430e-51e7-11ec-9563-1346c7cc6a76,,07bb7218-3e1d-11ec-807f-e967a48dff68,,block/default_icon.jpg,itiru           hhrhr       báº»,"{""default"": {""url"": ""block/default_icon.jpg"", ""width"": 1000, ""height"": 1000, ""mime_type"": ""jpeg""}, ""tiny"": {""url"": ""block/default_icon.tiny.jpg"", ""width"": 80, ""height"": 80, ""mime_type"": ""jpeg""}, ""small"": {""url"": ""block/default_icon.small.jpg"", ""width"": 160, ""height"": 160, ""mime_type"": ""jpeg""}, ""medium"": {""url"": ""block/default_icon.medium.jpg"", ""width"": 320, ""height"": 320, ""mime_type"": ""jpeg""}, ""large"": {""url"": ""block/default_icon.large.jpg"", ""width"": 800, ""height"": 800, ""mime_type"": ""jpeg""}}",e09c87c1,
63,67a6bb9a-528d-11ec-84c1-9859c095793b,,d1677ee0-323d-11ec-bd52-c72d60dcf1c1,,block/default_icon.jpg,tuannv256's BLOK,"{""default"": {""url"": ""block/default_icon.jpg"", ""width"": 1000, ""height"": 1000, ""mime_type"": ""jpeg""}, ""tiny"": {""url"": ""block/default_icon.tiny.jpg"", ""width"": 80, ""height"": 80, ""mime_type"": ""jpeg""}, ""small"": {""url"": ""block/default_icon.small.jpg"", ""width"": 160, ""height"": 160, ""mime_type"": ""jpeg""}, ""medium"": {""url"": ""block/default_icon.medium.jpg"", ""width"": 320, ""height"": 320, ""mime_type"": ""jpeg""}, ""large"": {""url"": ""block/default_icon.large.jpg"", ""width"": 800, ""height"": 800, ""mime_type"": ""jpeg""}}",45d20cd4,
64,516bce0a-5289-11ec-b508-6b4bb6a4dfd0,,07bb7218-3e1d-11ec-807f-e967a48dff68,,block/default_icon.jpg,Rosie    hihi    hihi,"{""default"": {""url"": ""block/default_icon.jpg"", ""width"": 1000, ""height"": 1000, ""mime_type"": ""jpeg""}, ""tiny"": {""url"": ""block/default_icon.tiny.jpg"", ""width"": 80, ""height"": 80, ""mime_type"": ""jpeg""}, ""small"": {""url"": ""block/default_icon.small.jpg"", ""width"": 160, ""height"": 160, ""mime_type"": ""jpeg""}, ""medium"": {""url"": ""block/default_icon.medium.jpg"", ""width"": 320, ""height"": 320, ""mime_type"": ""jpeg""}, ""large"": {""url"": ""block/default_icon.large.jpg"", ""width"": 800, ""height"": 800, ""mime_type"": ""jpeg""}}",44cd87ed,
65,5145d0ca-528d-11ec-8cc5-d44ecd7ac4ac,,a2380034-4be4-11ec-8a8a-f97b5077e4e7,,block/default_icon.jpg,dft_dev's BLOK,"{""default"": {""url"": ""block/default_icon.jpg"", ""width"": 1000, ""height"": 1000, ""mime_type"": ""jpeg""}, ""tiny"": {""url"": ""block/default_icon.tiny.jpg"", ""width"": 80, ""height"": 80, ""mime_type"": ""jpeg""}, ""small"": {""url"": ""block/default_icon.small.jpg"", ""width"": 160, ""height"": 160, ""mime_type"": ""jpeg""}, ""medium"": {""url"": ""block/default_icon.medium.jpg"", ""width"": 320, ""height"": 320, ""mime_type"": ""jpeg""}, ""large"": {""url"": ""block/default_icon.large.jpg"", ""width"": 800, ""height"": 800, ""mime_type"": ""jpeg""}}",b71d5c22,
66,4f634f6c-528d-11ec-a064-868ad0e42c7c,,3ba443ea-4348-11ec-b120-40d7b2fee6a6,,block/default_icon.jpg,Amory's BLOK,"{""default"": {""url"": ""block/default_icon.jpg"", ""width"": 1000, ""height"": 1000, ""mime_type"": ""jpeg""}, ""tiny"": {""url"": ""block/default_icon.tiny.jpg"", ""width"": 80, ""height"": 80, ""mime_type"": ""jpeg""}, ""small"": {""url"": ""block/default_icon.small.jpg"", ""width"": 160, ""height"": 160, ""mime_type"": ""jpeg""}, ""medium"": {""url"": ""block/default_icon.medium.jpg"", ""width"": 320, ""height"": 320, ""mime_type"": ""jpeg""}, ""large"": {""url"": ""block/default_icon.large.jpg"", ""width"": 800, ""height"": 800, ""mime_type"": ""jpeg""}}",13b42138,
67,57625c12-528d-11ec-9ca2-7fbe79f97141,,86cf42e0-3e19-11ec-8ca4-e0c4d5ea46e8,,block/icon_57625c12528d11ec9ca27fbe79f97141.20211207051110.jpg,tamanegi's house,"{""default"": {""url"": ""block/icon_57625c12528d11ec9ca27fbe79f97141.20211207051110.jpg"", ""width"": 1000, ""height"": 1000, ""mime_type"": ""jpeg""}, ""tiny"": {""url"": ""block/icon_57625c12528d11ec9ca27fbe79f97141.tiny.20211207051110.jpg"", ""width"": 80, ""height"": 80, ""mime_type"": ""jpeg""}, ""small"": {""url"": ""block/icon_57625c12528d11ec9ca27fbe79f97141.small.20211207051110.jpg"", ""width"": 160, ""height"": 160, ""mime_type"": ""jpeg""}, ""medium"": {""url"": ""block/icon_57625c12528d11ec9ca27fbe79f97141.medium.20211207051110.jpg"", ""width"": 320, ""height"": 320, ""mime_type"": ""jpeg""}, ""large"": {""url"": ""block/icon_57625c12528d11ec9ca27fbe79f97141.large.20211207051110.jpg"", ""width"": 800, ""height"": 800, ""mime_type"": ""jpeg""}}",71235215,2021-12-07 05:11:11.190
68,03573f6a-51bc-11ec-8a7d-4c4d3f854aae,,e340d9c6-4364-11ec-a444-e734332dc01d,Greatest showman,block/default_icon.jpg,16:30,"{""default"": {""url"": ""block/default_icon.jpg"", ""width"": 1000, ""height"": 1000, ""mime_type"": ""jpeg""}, ""tiny"": {""url"": ""block/default_icon.tiny.jpg"", ""width"": 80, ""height"": 80, ""mime_type"": ""jpeg""}, ""small"": {""url"": ""block/default_icon.small.jpg"", ""width"": 160, ""height"": 160, ""mime_type"": ""jpeg""}, ""medium"": {""url"": ""block/default_icon.medium.jpg"", ""width"": 320, ""height"": 320, ""mime_type"": ""jpeg""}, ""large"": {""url"": ""block/default_icon.large.jpg"", ""width"": 800, ""height"": 800, ""mime_type"": ""jpeg""}}",982f6f43,2021-11-30 09:09:10.314
69,5ef3f544-528d-11ec-91de-0c23799fbf5f,,b483956c-3313-11ec-bd26-6acbf2da7988,,block/default_icon.jpg,tsukii_2512's BLOK,"{""default"": {""url"": ""block/default_icon.jpg"", ""width"": 1000, ""height"": 1000, ""mime_type"": ""jpeg""}, ""tiny"": {""url"": ""block/default_icon.tiny.jpg"", ""width"": 80, ""height"": 80, ""mime_type"": ""jpeg""}, ""small"": {""url"": ""block/default_icon.small.jpg"", ""width"": 160, ""height"": 160, ""mime_type"": ""jpeg""}, ""medium"": {""url"": ""block/default_icon.medium.jpg"", ""width"": 320, ""height"": 320, ""mime_type"": ""jpeg""}, ""large"": {""url"": ""block/default_icon.large.jpg"", ""width"": 800, ""height"": 800, ""mime_type"": ""jpeg""}}",98f100a0,
70,60421048-528d-11ec-a8f4-77d6acb6d6ab,,70c44a02-4a69-11ec-8a7d-52083742658f,,block/default_icon.jpg,rican_415's BLOK,"{""default"": {""url"": ""block/default_icon.jpg"", ""width"": 1000, ""height"": 1000, ""mime_type"": ""jpeg""}, ""tiny"": {""url"": ""block/default_icon.tiny.jpg"", ""width"": 80, ""height"": 80, ""mime_type"": ""jpeg""}, ""small"": {""url"": ""block/default_icon.small.jpg"", ""width"": 160, ""height"": 160, ""mime_type"": ""jpeg""}, ""medium"": {""url"": ""block/default_icon.medium.jpg"", ""width"": 320, ""height"": 320, ""mime_type"": ""jpeg""}, ""large"": {""url"": ""block/default_icon.large.jpg"", ""width"": 800, ""height"": 800, ""mime_type"": ""jpeg""}}",65f89392,
71,5637e8ac-528d-11ec-9014-2160abc2db5f,,f3e85cce-3e17-11ec-af04-0cc96973a2b9,,block/default_icon.jpg,hit's BLOK,"{""default"": {""url"": ""block/default_icon.jpg"", ""width"": 1000, ""height"": 1000, ""mime_type"": ""jpeg""}, ""tiny"": {""url"": ""block/default_icon.tiny.jpg"", ""width"": 80, ""height"": 80, ""mime_type"": ""jpeg""}, ""small"": {""url"": ""block/default_icon.small.jpg"", ""width"": 160, ""height"": 160, ""mime_type"": ""jpeg""}, ""medium"": {""url"": ""block/default_icon.medium.jpg"", ""width"": 320, ""height"": 320, ""mime_type"": ""jpeg""}, ""large"": {""url"": ""block/default_icon.large.jpg"", ""width"": 800, ""height"": 800, ""mime_type"": ""jpeg""}}",10b6acaa,
72,5842624e-528d-11ec-aec8-a7cb6990330f,,320a7c5e-3e21-11ec-8ac5-2ba34ecb720d,,block/default_icon.jpg,minchan's BLOK,"{""default"": {""url"": ""block/default_icon.jpg"", ""width"": 1000, ""height"": 1000, ""mime_type"": ""jpeg""}, ""tiny"": {""url"": ""block/default_icon.tiny.jpg"", ""width"": 80, ""height"": 80, ""mime_type"": ""jpeg""}, ""small"": {""url"": ""block/default_icon.small.jpg"", ""width"": 160, ""height"": 160, ""mime_type"": ""jpeg""}, ""medium"": {""url"": ""block/default_icon.medium.jpg"", ""width"": 320, ""height"": 320, ""mime_type"": ""jpeg""}, ""large"": {""url"": ""block/default_icon.large.jpg"", ""width"": 800, ""height"": 800, ""mime_type"": ""jpeg""}}",472658b0,
73,5e83e2c2-528d-11ec-9a1a-422f03e089f7,,51ddb6b0-407c-11ec-b312-c1f9cdf12ba7,,block/default_icon.jpg,Cua's BLOK,"{""default"": {""url"": ""block/default_icon.jpg"", ""width"": 1000, ""height"": 1000, ""mime_type"": ""jpeg""}, ""tiny"": {""url"": ""block/default_icon.tiny.jpg"", ""width"": 80, ""height"": 80, ""mime_type"": ""jpeg""}, ""small"": {""url"": ""block/default_icon.small.jpg"", ""width"": 160, ""height"": 160, ""mime_type"": ""jpeg""}, ""medium"": {""url"": ""block/default_icon.medium.jpg"", ""width"": 320, ""height"": 320, ""mime_type"": ""jpeg""}, ""large"": {""url"": ""block/default_icon.large.jpg"", ""width"": 800, ""height"": 800, ""mime_type"": ""jpeg""}}",1b548280,
74,59916258-528d-11ec-994a-e7ffe15c880c,,1c436d76-3e1d-11ec-a740-bc4950c54081,,block/default_icon.jpg,khac's BLOK,"{""default"": {""url"": ""block/default_icon.jpg"", ""width"": 1000, ""height"": 1000, ""mime_type"": ""jpeg""}, ""tiny"": {""url"": ""block/default_icon.tiny.jpg"", ""width"": 80, ""height"": 80, ""mime_type"": ""jpeg""}, ""small"": {""url"": ""block/default_icon.small.jpg"", ""width"": 160, ""height"": 160, ""mime_type"": ""jpeg""}, ""medium"": {""url"": ""block/default_icon.medium.jpg"", ""width"": 320, ""height"": 320, ""mime_type"": ""jpeg""}, ""large"": {""url"": ""block/default_icon.large.jpg"", ""width"": 800, ""height"": 800, ""mime_type"": ""jpeg""}}",e86d9cd1,
