,id,account_id,bio,cover_image_uri,icon_uri,label,resized_icon_uri,updated_at,username,valid,vocation_id
0,08f9bf70-324e-11ec-b9ee-1a10dde0f1f3,f4cb03e2-324d-11ec-a295-d2e87a2c9960,,,user/icon_08f9bf70324e11ecb9ee1a10dde0f1f3.20211021090529.jpg,3505.0,"{""default"": {""url"": ""user/icon_08f9bf70324e11ecb9ee1a10dde0f1f3.20211021090529.jpg"", ""width"": 3472, ""height"": 3472, ""mime_type"": ""jpeg""}, ""tiny"": {""url"": ""user/icon_08f9bf70324e11ecb9ee1a10dde0f1f3.tiny.20211021090529.jpg"", ""width"": 80, ""height"": 80, ""mime_type"": ""jpeg""}, ""small"": {""url"": ""user/icon_08f9bf70324e11ecb9ee1a10dde0f1f3.small.20211021090529.jpg"", ""width"": 160, ""height"": 160, ""mime_type"": ""jpeg""}, ""medium"": {""url"": ""user/icon_08f9bf70324e11ecb9ee1a10dde0f1f3.medium.20211021090529.jpg"", ""width"": 320, ""height"": 320, ""mime_type"": ""jpeg""}, ""large"": {""url"": ""user/icon_08f9bf70324e11ecb9ee1a10dde0f1f3.large.20211021090529.jpg"", ""width"": 800, ""height"": 800, ""mime_type"": ""jpeg""}}",,gguiiii,,0.0
1,bb7f95f0-58cf-11ec-95a8-24d800d9845f,a67a0fb4-58cf-11ec-a14e-b64e0c6b854b,,,user/icon_bb7f95f058cf11ec95a824d800d9845f.20211209090937.jpg,803.0,"{""default"": {""url"": ""user/icon_bb7f95f058cf11ec95a824d800d9845f.20211209090937.jpg"", ""width"": 1816, ""height"": 1816, ""mime_type"": ""jpeg""}, ""tiny"": {""url"": ""user/icon_bb7f95f058cf11ec95a824d800d9845f.tiny.20211209090937.jpg"", ""width"": 80, ""height"": 80, ""mime_type"": ""jpeg""}, ""small"": {""url"": ""user/icon_bb7f95f058cf11ec95a824d800d9845f.small.20211209090937.jpg"", ""width"": 160, ""height"": 160, ""mime_type"": ""jpeg""}, ""medium"": {""url"": ""user/icon_bb7f95f058cf11ec95a824d800d9845f.medium.20211209090937.jpg"", ""width"": 320, ""height"": 320, ""mime_type"": ""jpeg""}, ""large"": {""url"": ""user/icon_bb7f95f058cf11ec95a824d800d9845f.large.20211209090937.jpg"", ""width"": 800, ""height"": 800, ""mime_type"": ""jpeg""}}",,Rosieeeee,,0.0
2,02b9fa10-148c-11ec-8077-1990005669ce,f7ade7a8-148b-11ec-bef7-fe46da0c8a72,,,user/icon_02b9fa10148c11ec80771990005669ce.jpg,794.0,,,hajime,,0.0
3,53e94f62-24b3-11ec-9ddb-53cef3301443,b3a30cf4-2116-11ec-80ea-4681ca8539be,,,user/icon_53e94f6224b311ec9ddb53cef3301443.jpg,8290.0,,,ghhh,,0.0
4,3da7e484-5708-11ec-abd4-cac5229610f2,2c88ab02-5708-11ec-ba35-c6a03acbb977,,,user/icon_3da7e484570811ecabd4cac5229610f2.20211207024904.jpg,1788.0,"{""default"": {""url"": ""user/icon_3da7e484570811ecabd4cac5229610f2.20211207024904.jpg"", ""width"": 1000, ""height"": 1000, ""mime_type"": ""jpeg""}, ""tiny"": {""url"": ""user/icon_3da7e484570811ecabd4cac5229610f2.tiny.20211207024904.jpg"", ""width"": 80, ""height"": 80, ""mime_type"": ""jpeg""}, ""small"": {""url"": ""user/icon_3da7e484570811ecabd4cac5229610f2.small.20211207024904.jpg"", ""width"": 160, ""height"": 160, ""mime_type"": ""jpeg""}, ""medium"": {""url"": ""user/icon_3da7e484570811ecabd4cac5229610f2.medium.20211207024904.jpg"", ""width"": 320, ""height"": 320, ""mime_type"": ""jpeg""}, ""large"": {""url"": ""user/icon_3da7e484570811ecabd4cac5229610f2.large.20211207024904.jpg"", ""width"": 800, ""height"": 800, ""mime_type"": ""jpeg""}}",,Rosiiiiieee,,0.0
5,660f07d2-0d60-11ec-8cff-5a197ef45511,f0fc7830-0d5f-11ec-bda2-966c55895925,,,user/icon_660f07d20d6011ec8cff5a197ef45511.jpg,5261.0,,,Harry,,0.0
6,9e764cfa-0713-11ec-a324-a6b272ff5ec0,8435f7c4-04b0-11ec-8837-96ef5a59d415,Updated bio,,user/icon_9e764cfa-0713-11ec-a324-a6b272ff5ec0_20210908055804.jpg,9701.0,,2021-09-08 05:58:04.588,luck,1.0,1.0
7,4b658f14-4069-11ec-8906-9979dfb0ca5c,3749e61a-4069-11ec-8a08-42bb4df25e80,,,user/icon_4b658f14406911ec89069979dfb0ca5c.20211108075552.jpg,3737.0,"{""default"": {""url"": ""user/icon_4b658f14406911ec89069979dfb0ca5c.20211108075552.jpg"", ""width"": 1080, ""height"": 1080, ""mime_type"": ""jpeg""}, ""tiny"": {""url"": ""user/icon_4b658f14406911ec89069979dfb0ca5c.tiny.20211108075552.jpg"", ""width"": 80, ""height"": 80, ""mime_type"": ""jpeg""}, ""small"": {""url"": ""user/icon_4b658f14406911ec89069979dfb0ca5c.small.20211108075552.jpg"", ""width"": 160, ""height"": 160, ""mime_type"": ""jpeg""}, ""medium"": {""url"": ""user/icon_4b658f14406911ec89069979dfb0ca5c.medium.20211108075552.jpg"", ""width"": 320, ""height"": 320, ""mime_type"": ""jpeg""}, ""large"": {""url"": ""user/icon_4b658f14406911ec89069979dfb0ca5c.large.20211108075552.jpg"", ""width"": 800, ""height"": 800, ""mime_type"": ""jpeg""}}",,HiepHunbie,,0.0
8,08f5406e-1154-11ec-8e6a-b4ac2731cec4,c639f5a8-1153-11ec-9f99-d66e7c1bf3e2,,,user/icon_08f5406e115411ec8e6ab4ac2731cec4.jpg,8332.0,,,maitest2,,0.0
9,8169f936-1159-11ec-a281-26ca8773eeb8,7130f6e6-1159-11ec-8513-d66e7c1bf3e2,,,user/icon_8169f936115911eca28126ca8773eeb8.jpg,1760.0,,,hjkkii,,0.0
10,a4675572-3892-11ec-9225-e5244306813c,2f4fe2c2-3892-11ec-bafa-5a6052b0ab8d,,,user/icon_a4675572389211ec9225e5244306813c.20211029083141.jpg,1470.0,"{""default"": {""url"": ""user/icon_a4675572389211ec9225e5244306813c.20211029083141.jpg"", ""width"": 1000, ""height"": 1000, ""mime_type"": ""jpeg""}, ""tiny"": {""url"": ""user/icon_a4675572389211ec9225e5244306813c.tiny.20211029083141.jpg"", ""width"": 80, ""height"": 80, ""mime_type"": ""jpeg""}, ""small"": {""url"": ""user/icon_a4675572389211ec9225e5244306813c.small.20211029083141.jpg"", ""width"": 160, ""height"": 160, ""mime_type"": ""jpeg""}, ""medium"": {""url"": ""user/icon_a4675572389211ec9225e5244306813c.medium.20211029083141.jpg"", ""width"": 320, ""height"": 320, ""mime_type"": ""jpeg""}, ""large"": {""url"": ""user/icon_a4675572389211ec9225e5244306813c.large.20211029083141.jpg"", ""width"": 800, ""height"": 800, ""mime_type"": ""jpeg""}}",,awesomepeach,,0.0
11,4f7bbde2-2ce3-11ec-af69-fe81e92a342a,3f87fdba-2ce3-11ec-9a75-6ea474f4bd5c,,,user/icon_4f7bbde22ce311ecaf69fe81e92a342a.jpg,6465.0,,,rosie,,0.0
12,c985b336-0c95-11ec-98aa-bc0f30b4b16e,be6c5036-0c95-11ec-ae1b-22f975845747,,,user/icon_c985b3360c9511ec98aabc0f30b4b16e.jpg,7248.0,,,ghhhh,,0.0
13,d6173f66-3017-11ec-860d-5b9c2beed5c4,c39d0898-3017-11ec-a8d7-6ea474f4bd5c,,,user/icon_d6173f66301711ec860d5b9c2beed5c4.jpg,3472.0,,,bbbhhhjj,,0.0
14,059fbdca-13b3-11ec-973d-77e02d3fb044,bce1117e-13b2-11ec-a543-c2a2e4675990,,,user/icon_059fbdca13b311ec973d77e02d3fb044.jpg,2600.0,,,mai6,,0.0
15,84a356c2-2beb-11ec-836d-95b897268aa5,6293c7a9-2beb-11ec-a432-4ccc6afa8976,Jay's user,,,2105.0,,,lunar_year,,0.0
16,a8a52d42-5289-11ec-b7d2-98358af8dd8f,571f9246-5289-11ec-9285-f6ca2a18575a,,,user/icon_a8a52d42528911ecb7d298358af8dd8f.20211201093253.jpg,2351.0,"{""default"": {""url"": ""user/icon_a8a52d42528911ecb7d298358af8dd8f.20211201093253.jpg"", ""width"": 1080, ""height"": 1080, ""mime_type"": ""jpeg""}, ""tiny"": {""url"": ""user/icon_a8a52d42528911ecb7d298358af8dd8f.tiny.20211201093253.jpg"", ""width"": 80, ""height"": 80, ""mime_type"": ""jpeg""}, ""small"": {""url"": ""user/icon_a8a52d42528911ecb7d298358af8dd8f.small.20211201093253.jpg"", ""width"": 160, ""height"": 160, ""mime_type"": ""jpeg""}, ""medium"": {""url"": ""user/icon_a8a52d42528911ecb7d298358af8dd8f.medium.20211201093253.jpg"", ""width"": 320, ""height"": 320, ""mime_type"": ""jpeg""}, ""large"": {""url"": ""user/icon_a8a52d42528911ecb7d298358af8dd8f.large.20211201093253.jpg"", ""width"": 800, ""height"": 800, ""mime_type"": ""jpeg""}}",,hey,,0.0
17,f7c9a540-5722-11ec-a7d3-7b154b4c0321,db41a72e-5722-11ec-93e4-c6a03acbb977,,,user/icon_f7c9a540572211eca7d37b154b4c0321.20211207060023.jpg,3210.0,"{""default"": {""url"": ""user/icon_f7c9a540572211eca7d37b154b4c0321.20211207060023.jpg"", ""width"": 1000, ""height"": 1000, ""mime_type"": ""jpeg""}, ""tiny"": {""url"": ""user/icon_f7c9a540572211eca7d37b154b4c0321.tiny.20211207060023.jpg"", ""width"": 80, ""height"": 80, ""mime_type"": ""jpeg""}, ""small"": {""url"": ""user/icon_f7c9a540572211eca7d37b154b4c0321.small.20211207060023.jpg"", ""width"": 160, ""height"": 160, ""mime_type"": ""jpeg""}, ""medium"": {""url"": ""user/icon_f7c9a540572211eca7d37b154b4c0321.medium.20211207060023.jpg"", ""width"": 320, ""height"": 320, ""mime_type"": ""jpeg""}, ""large"": {""url"": ""user/icon_f7c9a540572211eca7d37b154b4c0321.large.20211207060023.jpg"", ""width"": 800, ""height"": 800, ""mime_type"": ""jpeg""}}",,mai477,,0.0
18,61916efa-0c95-11ec-88f4-7e890e2b6079,4f253a62-0c95-11ec-9165-22f975845747,,,user/icon_61916efa0c9511ec88f47e890e2b6079.jpg,503.0,,,Harry,,0.0
19,c3b2ec0f-c313-11eb-7f7f-7f7f7f7f7f7f,9107cd00-c311-11eb-8080-808080808080,,,,,,2021-06-30 08:00:01.000,system.backend,1.0,
20,34aa2b94-0f87-11ec-97e2-b68b09cd34df,205542fa-0f87-11ec-94df-9a1e772cbdbb,,,user/icon_34aa2b940f8711ec97e2b68b09cd34df.jpg,920.0,,,Rosie,,0.0
21,f56ec1f4-3238-11ec-a672-2c9e05ab9e5a,e4fea7bc-3238-11ec-85e7-aa9e6c8d80d4,,,user/icon_f56ec1f4323811eca6722c9e05ab9e5a.20211021063437.jpg,4551.0,"{""default"": {""url"": ""user/icon_f56ec1f4323811eca6722c9e05ab9e5a.20211021063437.jpg"", ""width"": 3024, ""height"": 3024, ""mime_type"": ""jpeg""}, ""tiny"": {""url"": ""user/icon_f56ec1f4323811eca6722c9e05ab9e5a.tiny.20211021063437.jpg"", ""width"": 80, ""height"": 80, ""mime_type"": ""jpeg""}, ""small"": {""url"": ""user/icon_f56ec1f4323811eca6722c9e05ab9e5a.small.20211021063437.jpg"", ""width"": 160, ""height"": 160, ""mime_type"": ""jpeg""}, ""medium"": {""url"": ""user/icon_f56ec1f4323811eca6722c9e05ab9e5a.medium.20211021063437.jpg"", ""width"": 320, ""height"": 320, ""mime_type"": ""jpeg""}, ""large"": {""url"": ""user/icon_f56ec1f4323811eca6722c9e05ab9e5a.large.20211021063437.jpg"", ""width"": 800, ""height"": 800, ""mime_type"": ""jpeg""}}",,vzvsbdbdbd,,0.0
22,301c0c8a-3df1-11ec-91a9-2892cd8e1874,3fa0bc02-3def-11ec-8f73-9a4de6baa275,,,user/icon_301c0c8a3df111ec91a92892cd8e1874.20211105043104.jpg,808.0,"{""default"": {""url"": ""user/icon_301c0c8a3df111ec91a92892cd8e1874.20211105043104.jpg"", ""width"": 1000, ""height"": 1000, ""mime_type"": ""jpeg""}, ""tiny"": {""url"": ""user/icon_301c0c8a3df111ec91a92892cd8e1874.tiny.20211105043104.jpg"", ""width"": 80, ""height"": 80, ""mime_type"": ""jpeg""}, ""small"": {""url"": ""user/icon_301c0c8a3df111ec91a92892cd8e1874.small.20211105043104.jpg"", ""width"": 160, ""height"": 160, ""mime_type"": ""jpeg""}, ""medium"": {""url"": ""user/icon_301c0c8a3df111ec91a92892cd8e1874.medium.20211105043104.jpg"", ""width"": 320, ""height"": 320, ""mime_type"": ""jpeg""}, ""large"": {""url"": ""user/icon_301c0c8a3df111ec91a92892cd8e1874.large.20211105043104.jpg"", ""width"": 800, ""height"": 800, ""mime_type"": ""jpeg""}}",,yakinikubento,,0.0
23,21e521fa-3253-11ec-aba6-21ab76e556cd,05f3230c-3253-11ec-b9ee-9aa282f7c53e,,,user/icon_21e521fa325311ecaba621ab76e556cd.20211021094157.jpg,1877.0,"{""default"": {""url"": ""user/icon_21e521fa325311ecaba621ab76e556cd.20211021094157.jpg"", ""width"": 1000, ""height"": 1000, ""mime_type"": ""jpeg""}, ""tiny"": {""url"": ""user/icon_21e521fa325311ecaba621ab76e556cd.tiny.20211021094157.jpg"", ""width"": 80, ""height"": 80, ""mime_type"": ""jpeg""}, ""small"": {""url"": ""user/icon_21e521fa325311ecaba621ab76e556cd.small.20211021094157.jpg"", ""width"": 160, ""height"": 160, ""mime_type"": ""jpeg""}, ""medium"": {""url"": ""user/icon_21e521fa325311ecaba621ab76e556cd.medium.20211021094157.jpg"", ""width"": 320, ""height"": 320, ""mime_type"": ""jpeg""}, ""large"": {""url"": ""user/icon_21e521fa325311ecaba621ab76e556cd.large.20211021094157.jpg"", ""width"": 800, ""height"": 800, ""mime_type"": ""jpeg""}}",,phanngt,,0.0
24,49ffab76-04b6-11ec-943b-a8c1d35e7050,0fd8b4b1-04b6-11ec-bb1f-37b2bf635650,Harry,,,7475.0,,,harry,,1.0
25,61ce9048-19bd-11ec-a9a2-fb6bc451e3cb,4fd0bdee-19bd-11ec-81e5-fe46da0c8a72,,,user/icon_61ce904819bd11eca9a2fb6bc451e3cb.jpg,1192.0,,,Rosie2,,0.0
26,814fb4f2-0c92-11ec-abaa-7958288634c9,eb713966-0c81-11ec-942c-f25f38302004,,,user/icon_814fb4f20c9211ecabaa7958288634c9.jpg,8967.0,,,nxncnxn,,0.0
27,72a8b970-0d60-11ec-b61b-59a6a38113cb,f0fc7830-0d5f-11ec-bda2-966c55895925,,,user/icon_72a8b9700d6011ecb61b59a6a38113cb.jpg,4578.0,,,Harry,,0.0
28,561c830c-30c6-11ec-9651-9de395b45827,2b7494aa-30c6-11ec-bfe1-b25fc0b029f1,,,user/icon_561c830c30c611ec96519de395b45827.20211019102134.jpg,4542.0,"{""default"": {""url"": ""user/icon_561c830c30c611ec96519de395b45827.20211019102134.jpg"", ""width"": 900, ""height"": 900, ""mime_type"": ""jpeg""}, ""tiny"": {""url"": ""user/icon_561c830c30c611ec96519de395b45827.tiny.20211019102134.jpg"", ""width"": 80, ""height"": 80, ""mime_type"": ""jpeg""}, ""small"": {""url"": ""user/icon_561c830c30c611ec96519de395b45827.small.20211019102134.jpg"", ""width"": 160, ""height"": 160, ""mime_type"": ""jpeg""}, ""medium"": {""url"": ""user/icon_561c830c30c611ec96519de395b45827.medium.20211019102134.jpg"", ""width"": 320, ""height"": 320, ""mime_type"": ""jpeg""}, ""large"": {""url"": ""user/icon_561c830c30c611ec96519de395b45827.large.20211019102134.jpg"", ""width"": 800, ""height"": 800, ""mime_type"": ""jpeg""}}",,luck3,,0.0
29,ef403272-2bdf-11ec-9dd7-242122d6d2cf,d06c9e8a-2bdf-11ec-9d54-f6c1bdd0f82b,,,user/icon_ef4032722bdf11ec9dd7242122d6d2cf.jpg,206.0,,,Rosie5,,0.0
30,7c190090-3255-11ec-932c-981d32c8c80c,4a4be014-3255-11ec-84cc-3e189ca3e2f2,,,user/icon_7c190090325511ec932c981d32c8c80c.20211021095847.jpg,2105.0,"{""default"": {""url"": ""user/icon_7c190090325511ec932c981d32c8c80c.20211021095847.jpg"", ""width"": 1000, ""height"": 1000, ""mime_type"": ""jpeg""}, ""tiny"": {""url"": ""user/icon_7c190090325511ec932c981d32c8c80c.tiny.20211021095847.jpg"", ""width"": 80, ""height"": 80, ""mime_type"": ""jpeg""}, ""small"": {""url"": ""user/icon_7c190090325511ec932c981d32c8c80c.small.20211021095847.jpg"", ""width"": 160, ""height"": 160, ""mime_type"": ""jpeg""}, ""medium"": {""url"": ""user/icon_7c190090325511ec932c981d32c8c80c.medium.20211021095847.jpg"", ""width"": 320, ""height"": 320, ""mime_type"": ""jpeg""}, ""large"": {""url"": ""user/icon_7c190090325511ec932c981d32c8c80c.large.20211021095847.jpg"", ""width"": 800, ""height"": 800, ""mime_type"": ""jpeg""}}",,niya,,0.0
31,9c3be790-4699-11ec-ba97-22f5180a81d8,01c9c81c-4699-11ec-a75f-6e6de77e0734,,,user/icon_9c3be790469911ecba9722f5180a81d8.20211116045650.jpg,150.0,"{""default"": {""url"": ""user/icon_9c3be790469911ecba9722f5180a81d8.20211116045650.jpg"", ""width"": 1242, ""height"": 1242, ""mime_type"": ""jpeg""}, ""tiny"": {""url"": ""user/icon_9c3be790469911ecba9722f5180a81d8.tiny.20211116045650.jpg"", ""width"": 80, ""height"": 80, ""mime_type"": ""jpeg""}, ""small"": {""url"": ""user/icon_9c3be790469911ecba9722f5180a81d8.small.20211116045650.jpg"", ""width"": 160, ""height"": 160, ""mime_type"": ""jpeg""}, ""medium"": {""url"": ""user/icon_9c3be790469911ecba9722f5180a81d8.medium.20211116045650.jpg"", ""width"": 320, ""height"": 320, ""mime_type"": ""jpeg""}, ""large"": {""url"": ""user/icon_9c3be790469911ecba9722f5180a81d8.large.20211116045650.jpg"", ""width"": 800, ""height"": 800, ""mime_type"": ""jpeg""}}",,mai977,,0.0
32,cab29b1c-1158-11ec-972d-d3a2cb8f1e15,bb52c9b2-1158-11ec-8642-3e5954ee1aab,,,user/icon_cab29b1c115811ec972dd3a2cb8f1e15.jpg,6785.0,,,mejjjj,,0.0
33,fcb52042-04cb-11ec-9104-6d50db46addc,d178885c-04ca-11ec-bb1f-37b2bf635650,Jack,,,4503.0,,,jack,,1.0
34,1192111a-2bd6-11ec-ab62-af5dd3f0b1ee,f21f75ac-2bd5-11ec-ac67-9208c55e9758,,,user/icon_1192111a2bd611ecab62af5dd3f0b1ee.jpg,2775.0,,,Rosie4,,0.0
35,4b1d356e-3864-11ec-b369-6d098b7c8978,05e67122-3864-11ec-99ce-16a34e3821be,,,user/icon_4b1d356e386411ecb3696d098b7c8978.20211029025955.jpg,3065.0,"{""default"": {""url"": ""user/icon_4b1d356e386411ecb3696d098b7c8978.20211029025955.jpg"", ""width"": 1000, ""height"": 1000, ""mime_type"": ""jpeg""}, ""tiny"": {""url"": ""user/icon_4b1d356e386411ecb3696d098b7c8978.tiny.20211029025955.jpg"", ""width"": 80, ""height"": 80, ""mime_type"": ""jpeg""}, ""small"": {""url"": ""user/icon_4b1d356e386411ecb3696d098b7c8978.small.20211029025955.jpg"", ""width"": 160, ""height"": 160, ""mime_type"": ""jpeg""}, ""medium"": {""url"": ""user/icon_4b1d356e386411ecb3696d098b7c8978.medium.20211029025955.jpg"", ""width"": 320, ""height"": 320, ""mime_type"": ""jpeg""}, ""large"": {""url"": ""user/icon_4b1d356e386411ecb3696d098b7c8978.large.20211029025955.jpg"", ""width"": 800, ""height"": 800, ""mime_type"": ""jpeg""}}",,minchan,,0.0
36,e3835312-2fca-11ec-8b66-aff41add9543,da0ad71a-2fc5-11ec-a8d7-6ea474f4bd5c,,,user/icon_e38353122fca11ec8b66aff41add9543.jpg,4479.0,,,s9to1,,0.0
37,c97e3aa8-154a-11ec-9739-e936611e1e17,ba42c284-154a-11ec-b040-c2a2e4675990,,,user/icon_c97e3aa8154a11ec9739e936611e1e17.jpg,9623.0,,,mai9,,0.0
38,7ba03cba-58d3-11ec-a50f-be3ecf4868cd,66e0234e-58d3-11ec-a14e-b64e0c6b854b,,,user/icon_7ba03cba58d311eca50fbe3ecf4868cd.20211209093627.jpg,5298.0,"{""default"": {""url"": ""user/icon_7ba03cba58d311eca50fbe3ecf4868cd.20211209093627.jpg"", ""width"": 2160, ""height"": 2160, ""mime_type"": ""jpeg""}, ""tiny"": {""url"": ""user/icon_7ba03cba58d311eca50fbe3ecf4868cd.tiny.20211209093627.jpg"", ""width"": 80, ""height"": 80, ""mime_type"": ""jpeg""}, ""small"": {""url"": ""user/icon_7ba03cba58d311eca50fbe3ecf4868cd.small.20211209093627.jpg"", ""width"": 160, ""height"": 160, ""mime_type"": ""jpeg""}, ""medium"": {""url"": ""user/icon_7ba03cba58d311eca50fbe3ecf4868cd.medium.20211209093627.jpg"", ""width"": 320, ""height"": 320, ""mime_type"": ""jpeg""}, ""large"": {""url"": ""user/icon_7ba03cba58d311eca50fbe3ecf4868cd.large.20211209093627.jpg"", ""width"": 800, ""height"": 800, ""mime_type"": ""jpeg""}}",,Mai477,,0.0
39,ee69243a-26ad-11ec-b3d7-e9535731677a,d6a97610-26ad-11ec-b8fe-b69eff093efe,,,user/icon_ee69243a26ad11ecb3d7e9535731677a.jpg,2829.0,,,yyuuuhh,,0.0
40,1bd555a4-13b4-11ec-baa8-62490c6f4b86,d360ad96-13b3-11ec-bef7-fe46da0c8a72,,,user/icon_1bd555a413b411ecbaa862490c6f4b86.jpg,2451.0,,,mai8,,0.0
41,2d7cfdf2-0c93-11ec-8e4f-bb5a7e0b9bc8,eb713966-0c81-11ec-942c-f25f38302004,,,user/icon_2d7cfdf20c9311ec8e4fbb5a7e0b9bc8.jpg,3595.0,,,dhsh,,0.0
42,51e95024-116a-11ec-8877-7e699d6fbdc9,02508ac4-1169-11ec-a5fe-82a91a12fcdc,,,user/icon_51e95024116a11ec88777e699d6fbdc9.jpg,3242.0,,,nmm,,0.0
43,a929dce6-3280-11ec-96b7-74fe754b01ac,3096185c-3277-11ec-b384-9aa282f7c53e,,,user/icon_a929dce6328011ec96b774fe754b01ac.20211021150752.jpg,3943.0,"{""default"": {""url"": ""user/icon_a929dce6328011ec96b774fe754b01ac.20211021150752.jpg"", ""width"": 4032, ""height"": 3024, ""mime_type"": ""jpeg""}, ""tiny"": {""url"": ""user/icon_a929dce6328011ec96b774fe754b01ac.tiny.20211021150752.jpg"", ""width"": 60, ""height"": 80, ""mime_type"": ""jpeg""}, ""small"": {""url"": ""user/icon_a929dce6328011ec96b774fe754b01ac.small.20211021150752.jpg"", ""width"": 120, ""height"": 160, ""mime_type"": ""jpeg""}, ""medium"": {""url"": ""user/icon_a929dce6328011ec96b774fe754b01ac.medium.20211021150752.jpg"", ""width"": 240, ""height"": 320, ""mime_type"": ""jpeg""}, ""large"": {""url"": ""user/icon_a929dce6328011ec96b774fe754b01ac.large.20211021150752.jpg"", ""width"": 600, ""height"": 800, ""mime_type"": ""jpeg""}}",,mai897,,0.0
44,d895b054-388e-11ec-83bb-936c89db2971,9480e208-388e-11ec-bafa-5a6052b0ab8d,,,user/icon_d895b054388e11ec83bb936c89db2971.20211029080431.jpg,8198.0,"{""default"": {""url"": ""user/icon_d895b054388e11ec83bb936c89db2971.20211029080431.jpg"", ""width"": 1000, ""height"": 1000, ""mime_type"": ""jpeg""}, ""tiny"": {""url"": ""user/icon_d895b054388e11ec83bb936c89db2971.tiny.20211029080431.jpg"", ""width"": 80, ""height"": 80, ""mime_type"": ""jpeg""}, ""small"": {""url"": ""user/icon_d895b054388e11ec83bb936c89db2971.small.20211029080431.jpg"", ""width"": 160, ""height"": 160, ""mime_type"": ""jpeg""}, ""medium"": {""url"": ""user/icon_d895b054388e11ec83bb936c89db2971.medium.20211029080431.jpg"", ""width"": 320, ""height"": 320, ""mime_type"": ""jpeg""}, ""large"": {""url"": ""user/icon_d895b054388e11ec83bb936c89db2971.large.20211029080431.jpg"", ""width"": 800, ""height"": 800, ""mime_type"": ""jpeg""}}",,mariya-takeuchi0908,,0.0
45,646f9bba-5191-11ec-9f97-0ce71c858412,2b4fffb4-5191-11ec-9f40-de93715fb5d8,,,user/icon_646f9bba519111ec9f970ce71c858412.20211130035543.jpg,9707.0,"{""default"": {""url"": ""user/icon_646f9bba519111ec9f970ce71c858412.20211130035543.jpg"", ""width"": 1000, ""height"": 1000, ""mime_type"": ""jpeg""}, ""tiny"": {""url"": ""user/icon_646f9bba519111ec9f970ce71c858412.tiny.20211130035543.jpg"", ""width"": 80, ""height"": 80, ""mime_type"": ""jpeg""}, ""small"": {""url"": ""user/icon_646f9bba519111ec9f970ce71c858412.small.20211130035543.jpg"", ""width"": 160, ""height"": 160, ""mime_type"": ""jpeg""}, ""medium"": {""url"": ""user/icon_646f9bba519111ec9f970ce71c858412.medium.20211130035543.jpg"", ""width"": 320, ""height"": 320, ""mime_type"": ""jpeg""}, ""large"": {""url"": ""user/icon_646f9bba519111ec9f970ce71c858412.large.20211130035543.jpg"", ""width"": 800, ""height"": 800, ""mime_type"": ""jpeg""}}",,Rosie,,0.0
46,13465648-3017-11ec-98e4-3af5ecc9d80b,f1be2726-3016-11ec-9a75-6ea474f4bd5c,,,user/icon_13465648301711ec98e43af5ecc9d80b.jpg,3255.0,,,yhhbbb,,0.0
47,d6ad28ee-5675-11ec-ace3-18633a81b5f6,c156674e-5675-11ec-a358-d25bc05994ee,,,user/icon_d6ad28ee567511ecace318633a81b5f6.20211206092105.jpg,697.0,"{""default"": {""url"": ""user/icon_d6ad28ee567511ecace318633a81b5f6.20211206092105.jpg"", ""width"": 945, ""height"": 945, ""mime_type"": ""jpeg""}, ""tiny"": {""url"": ""user/icon_d6ad28ee567511ecace318633a81b5f6.tiny.20211206092105.jpg"", ""width"": 80, ""height"": 80, ""mime_type"": ""jpeg""}, ""small"": {""url"": ""user/icon_d6ad28ee567511ecace318633a81b5f6.small.20211206092105.jpg"", ""width"": 160, ""height"": 160, ""mime_type"": ""jpeg""}, ""medium"": {""url"": ""user/icon_d6ad28ee567511ecace318633a81b5f6.medium.20211206092105.jpg"", ""width"": 320, ""height"": 320, ""mime_type"": ""jpeg""}, ""large"": {""url"": ""user/icon_d6ad28ee567511ecace318633a81b5f6.large.20211206092105.jpg"", ""width"": 800, ""height"": 800, ""mime_type"": ""jpeg""}}",,luck3,,0.0
48,32192f2e-04b5-11ec-b02f-5048b0a83352,aceeb3e6-04b4-11ec-bb1f-37b2bf635650,Phan Nguyen,,,1326.0,,,phan,,1.0
49,9749c1e6-04bb-11ec-bd68-28742071ec6b,78d6d2f4-04b0-11ec-a18f-f6f40593bc15,Rosie,,user/icon_9749c1e6-04bb-11ec-bd68-28742071ec6b.2021-10-19 05:29:53.633609.jpg,7761.0,"{""default"": {""url"": ""user/icon_9749c1e6-04bb-11ec-bd68-28742071ec6b.2021-10-19 05:29:53.633609.jpg"", ""width"": 598, ""height"": 1090, ""mime_type"": ""jpeg""}, ""tiny"": {""url"": ""user/icon_9749c1e6-04bb-11ec-bd68-28742071ec6b.tiny.2021-10-19 05:29:53.811104.jpg"", ""width"": 80, ""height"": 145, ""mime_type"": ""jpeg""}, ""small"": {""url"": ""user/icon_9749c1e6-04bb-11ec-bd68-28742071ec6b.small.2021-10-19 05:29:53.906255.jpg"", ""width"": 160, ""height"": 291, ""mime_type"": ""jpeg""}, ""medium"": {""url"": ""user/icon_9749c1e6-04bb-11ec-bd68-28742071ec6b.medium.2021-10-19 05:29:54.026399.jpg"", ""width"": 320, ""height"": 583, ""mime_type"": ""jpeg""}}",2021-10-19 05:29:54.110,rosie,1.0,1.0
50,ca4cf518-148d-11ec-9683-8922944a3194,ba031994-148d-11ec-8cb1-fe46da0c8a72,,,user/icon_ca4cf518148d11ec96838922944a3194.jpg,4297.0,,,piropiropiro,,0.0
51,17b34744-1169-11ec-9ac3-c7b5e81230ae,02508ac4-1169-11ec-a5fe-82a91a12fcdc,,,user/icon_17b34744116911ec9ac3c7b5e81230ae.jpg,742.0,,,hhhhh,,0.0
52,de302c2a-26a9-11ec-ad8b-59223f9ed462,2746211e-26a8-11ec-b2be-7a199bf68349,,,user/icon_de302c2a26a911ecad8b59223f9ed462.jpg,4659.0,,,ujjjj_7656,,0.0
53,793107aa-32e7-11ec-99e7-da7cb77aa6f2,0f5b5c10-328b-11ec-aeb5-6a2ac27ea1b0,,,user/icon_793107aa32e711ec99e7da7cb77aa6f2.20211022032350.jpg,2961.0,"{""default"": {""url"": ""user/icon_793107aa32e711ec99e7da7cb77aa6f2.20211022032350.jpg"", ""width"": 3472, ""height"": 3472, ""mime_type"": ""jpeg""}, ""tiny"": {""url"": ""user/icon_793107aa32e711ec99e7da7cb77aa6f2.tiny.20211022032350.jpg"", ""width"": 80, ""height"": 80, ""mime_type"": ""jpeg""}, ""small"": {""url"": ""user/icon_793107aa32e711ec99e7da7cb77aa6f2.small.20211022032350.jpg"", ""width"": 160, ""height"": 160, ""mime_type"": ""jpeg""}, ""medium"": {""url"": ""user/icon_793107aa32e711ec99e7da7cb77aa6f2.medium.20211022032350.jpg"", ""width"": 320, ""height"": 320, ""mime_type"": ""jpeg""}, ""large"": {""url"": ""user/icon_793107aa32e711ec99e7da7cb77aa6f2.large.20211022032350.jpg"", ""width"": 800, ""height"": 800, ""mime_type"": ""jpeg""}}",,yuuu,,0.0
54,81815562-0f34-11ec-bf82-9650ff575d0d,f24837d6-0f2d-11ec-94df-9a1e772cbdbb,,,user/icon_818155620f3411ecbf829650ff575d0d.jpg,7138.0,,,abo,,0.0
55,957d18c0-25b5-11ec-8db2-3726dbc546d1,31f6814c-25b5-11ec-aa51-265742dee0f8,,,user/icon_957d18c025b511ec8db23726dbc546d1.jpg,2954.0,,,lucluck,,0.0
56,d019d0bc-11fc-11ec-89bc-90c75c190f6e,c7da43dc-11fc-11ec-a543-c2a2e4675990,,,user/icon_d019d0bc11fc11ec89bc90c75c190f6e.jpg,6488.0,,,jkklll,,0.0
57,f70449dc-2115-11ec-ba3a-59c9675986c6,e0fb04f0-2115-11ec-b939-3b7f746c1749,I'm Jay,,,6475.0,,,tuan170192,,1.0
58,3a16d6bc-3143-11ec-8173-f8f94c823650,9db618dc-3142-11ec-8de6-b25fc0b029f1,,,user/icon_3a16d6bc314311ec8173f8f94c823650.20211020011534.jpg,8408.0,"{""default"": {""url"": ""user/icon_3a16d6bc314311ec8173f8f94c823650.20211020011534.jpg"", ""width"": 1000, ""height"": 1000, ""mime_type"": ""jpeg""}, ""tiny"": {""url"": ""user/icon_3a16d6bc314311ec8173f8f94c823650.tiny.20211020011534.jpg"", ""width"": 80, ""height"": 80, ""mime_type"": ""jpeg""}, ""small"": {""url"": ""user/icon_3a16d6bc314311ec8173f8f94c823650.small.20211020011534.jpg"", ""width"": 160, ""height"": 160, ""mime_type"": ""jpeg""}, ""medium"": {""url"": ""user/icon_3a16d6bc314311ec8173f8f94c823650.medium.20211020011534.jpg"", ""width"": 320, ""height"": 320, ""mime_type"": ""jpeg""}, ""large"": {""url"": ""user/icon_3a16d6bc314311ec8173f8f94c823650.large.20211020011534.jpg"", ""width"": 800, ""height"": 800, ""mime_type"": ""jpeg""}}",,yelsnaw,,0.0
59,49c203ec-115a-11ec-ae12-447d8b3845d8,4328c160-115a-11ec-8405-3e5954ee1aab,,,user/icon_49c203ec115a11ecae12447d8b3845d8.jpg,6326.0,,,bbnn,,0.0
60,824f22ba-4069-11ec-af70-c17e4bbff913,3749e61a-4069-11ec-8a08-42bb4df25e80,,,user/icon_824f22ba406911ecaf70c17e4bbff913.20211108075724.jpg,6823.0,"{""default"": {""url"": ""user/icon_824f22ba406911ecaf70c17e4bbff913.20211108075724.jpg"", ""width"": 1080, ""height"": 1080, ""mime_type"": ""jpeg""}, ""tiny"": {""url"": ""user/icon_824f22ba406911ecaf70c17e4bbff913.tiny.20211108075724.jpg"", ""width"": 80, ""height"": 80, ""mime_type"": ""jpeg""}, ""small"": {""url"": ""user/icon_824f22ba406911ecaf70c17e4bbff913.small.20211108075724.jpg"", ""width"": 160, ""height"": 160, ""mime_type"": ""jpeg""}, ""medium"": {""url"": ""user/icon_824f22ba406911ecaf70c17e4bbff913.medium.20211108075724.jpg"", ""width"": 320, ""height"": 320, ""mime_type"": ""jpeg""}, ""large"": {""url"": ""user/icon_824f22ba406911ecaf70c17e4bbff913.large.20211108075724.jpg"", ""width"": 800, ""height"": 800, ""mime_type"": ""jpeg""}}",,HiepHunbie,,0.0
61,0c7d24ba-3015-11ec-9b6a-bd6452c7fcc3,1ca4d54c-2ff5-11ec-936c-aa61ce6d5b83,,,user/icon_0c7d24ba301511ec9b6abd6452c7fcc3.jpg,5471.0,,,tygvv,,0.0
62,76b7be9c-13b1-11ec-ac15-6fc403af8d4f,6b28a1f4-13b1-11ec-bef7-fe46da0c8a72,,,user/icon_76b7be9c13b111ecac156fc403af8d4f.jpg,4059.0,,,mai5,,0.0
63,987ea5b4-11fd-11ec-884a-7f8365ffab31,8ad0ceba-11fd-11ec-81e5-fe46da0c8a72,,,user/icon_987ea5b411fd11ec884a7f8365ffab31.jpg,3262.0,,,gyyuuu,,0.0
64,1ce7ccdc-0fe1-11ec-8b69-be3e1db9e7e3,0069fc4c-0fe1-11ec-950d-7e0d9e9aece3,,,user/icon_1ce7ccdc0fe111ec8b69be3e1db9e7e3.jpg,9152.0,,,rosie,,0.0
65,cfff66de-04a8-11ec-b76a-3779e151aaa4,8be8d1ec-04a8-11ec-bb1f-37b2bf635650,Jay updated bio,,user/icon_cfff66de-04a8-11ec-b76a-3779e151aaa4_20211012051518.jpg,1985.0,,2021-10-12 05:15:18.596,tuannv256,1.0,1.0
66,885c6d3a-1066-11ec-a1c4-400aaf17ff25,71d3fdc6-1066-11ec-8195-7e0d9e9aece3,,,user/icon_885c6d3a106611eca1c4400aaf17ff25.jpg,2951.0,,,ken,,0.0
67,7d4fbb20-13b0-11ec-8769-2436192bd4f0,6e62a424-13b0-11ec-a543-c2a2e4675990,,,user/icon_7d4fbb2013b011ec87692436192bd4f0.jpg,4539.0,,,mai4,,0.0
68,0afc341a-116a-11ec-98f7-3af356505e46,02508ac4-1169-11ec-a5fe-82a91a12fcdc,,,user/icon_0afc341a116a11ec98f73af356505e46.jpg,7267.0,,,bxbxb,,0.0
69,7ec0b680-540b-11ec-80c8-16ed58e0668b,22eaad0c-540b-11ec-9ad5-5a2694a9dbc0,,,user/icon_7ec0b680540b11ec80c816ed58e0668b.20211203073449.jpg,8145.0,"{""default"": {""url"": ""user/icon_7ec0b680540b11ec80c816ed58e0668b.20211203073449.jpg"", ""width"": 945, ""height"": 945, ""mime_type"": ""jpeg""}, ""tiny"": {""url"": ""user/icon_7ec0b680540b11ec80c816ed58e0668b.tiny.20211203073449.jpg"", ""width"": 80, ""height"": 80, ""mime_type"": ""jpeg""}, ""small"": {""url"": ""user/icon_7ec0b680540b11ec80c816ed58e0668b.small.20211203073449.jpg"", ""width"": 160, ""height"": 160, ""mime_type"": ""jpeg""}, ""medium"": {""url"": ""user/icon_7ec0b680540b11ec80c816ed58e0668b.medium.20211203073449.jpg"", ""width"": 320, ""height"": 320, ""mime_type"": ""jpeg""}, ""large"": {""url"": ""user/icon_7ec0b680540b11ec80c816ed58e0668b.large.20211203073449.jpg"", ""width"": 800, ""height"": 800, ""mime_type"": ""jpeg""}}",,luck3,,0.0
70,6c90d458-3bb1-11ec-a1ac-184cef796cc0,2a0bb54e-3bb1-11ec-a7e8-6ae8d7ae99bc,,,user/icon_6c90d4583bb111eca1ac184cef796cc0.20211102074935.jpg,6981.0,"{""default"": {""url"": ""user/icon_6c90d4583bb111eca1ac184cef796cc0.20211102074935.jpg"", ""width"": 994, ""height"": 994, ""mime_type"": ""jpeg""}, ""tiny"": {""url"": ""user/icon_6c90d4583bb111eca1ac184cef796cc0.tiny.20211102074935.jpg"", ""width"": 80, ""height"": 80, ""mime_type"": ""jpeg""}, ""small"": {""url"": ""user/icon_6c90d4583bb111eca1ac184cef796cc0.small.20211102074935.jpg"", ""width"": 160, ""height"": 160, ""mime_type"": ""jpeg""}, ""medium"": {""url"": ""user/icon_6c90d4583bb111eca1ac184cef796cc0.medium.20211102074935.jpg"", ""width"": 320, ""height"": 320, ""mime_type"": ""jpeg""}, ""large"": {""url"": ""user/icon_6c90d4583bb111eca1ac184cef796cc0.large.20211102074935.jpg"", ""width"": 800, ""height"": 800, ""mime_type"": ""jpeg""}}",,henry,,0.0
71,b2d324fa-2bd7-11ec-8200-b32a77df74a0,f21f75ac-2bd5-11ec-ac67-9208c55e9758,,,user/icon_b2d324fa2bd711ec8200b32a77df74a0.jpg,2555.0,,,Rosie4,,0.0
72,2e837d38-3895-11ec-97cf-d1624fc41968,06eb200a-3895-11ec-b3bd-6ae8d7ae99bc,,,user/icon_2e837d38389511ec97cfd1624fc41968.20211029084952.jpg,1535.0,"{""default"": {""url"": ""user/icon_2e837d38389511ec97cfd1624fc41968.20211029084952.jpg"", ""width"": 534, ""height"": 534, ""mime_type"": ""jpeg""}, ""tiny"": {""url"": ""user/icon_2e837d38389511ec97cfd1624fc41968.tiny.20211029084952.jpg"", ""width"": 80, ""height"": 80, ""mime_type"": ""jpeg""}, ""small"": {""url"": ""user/icon_2e837d38389511ec97cfd1624fc41968.small.20211029084952.jpg"", ""width"": 160, ""height"": 160, ""mime_type"": ""jpeg""}, ""medium"": {""url"": ""user/icon_2e837d38389511ec97cfd1624fc41968.medium.20211029084952.jpg"", ""width"": 320, ""height"": 320, ""mime_type"": ""jpeg""}}",,Cua,,0.0
73,496e3e90-04be-11ec-a8cd-f5e02bd5d6c1,8be8d1ec-04a8-11ec-bb1f-37b2bf635650,I'm Jay2,,,1012.0,,,jay2,,2.0
74,18fc1442-3891-11ec-a438-a10621c06772,ef25539a-3890-11ec-b3bd-6ae8d7ae99bc,,,user/icon_18fc1442389111eca438a10621c06772.20211029082038.jpg,9977.0,"{""default"": {""url"": ""user/icon_18fc1442389111eca438a10621c06772.20211029082038.jpg"", ""width"": 1000, ""height"": 1000, ""mime_type"": ""jpeg""}, ""tiny"": {""url"": ""user/icon_18fc1442389111eca438a10621c06772.tiny.20211029082038.jpg"", ""width"": 80, ""height"": 80, ""mime_type"": ""jpeg""}, ""small"": {""url"": ""user/icon_18fc1442389111eca438a10621c06772.small.20211029082038.jpg"", ""width"": 160, ""height"": 160, ""mime_type"": ""jpeg""}, ""medium"": {""url"": ""user/icon_18fc1442389111eca438a10621c06772.medium.20211029082038.jpg"", ""width"": 320, ""height"": 320, ""mime_type"": ""jpeg""}, ""large"": {""url"": ""user/icon_18fc1442389111eca438a10621c06772.large.20211029082038.jpg"", ""width"": 800, ""height"": 800, ""mime_type"": ""jpeg""}}",,michaellam,,0.0
75,51f97418-2b32-11ec-a611-e47307e27ca6,3b0264d6-2b32-11ec-b712-ca535be7787b,,,user/icon_51f97418-2b32-11ec-a611-e47307e27ca6.20211130035329.jpg,1261.0,"{""default"": {""url"": ""user/icon_51f97418-2b32-11ec-a611-e47307e27ca6.20211130035329.jpg"", ""width"": 1080, ""height"": 1080, ""mime_type"": ""jpeg""}, ""tiny"": {""url"": ""user/icon_51f97418-2b32-11ec-a611-e47307e27ca6.tiny.20211130035329.jpg"", ""width"": 80, ""height"": 80, ""mime_type"": ""jpeg""}, ""small"": {""url"": ""user/icon_51f97418-2b32-11ec-a611-e47307e27ca6.small.20211130035329.jpg"", ""width"": 160, ""height"": 160, ""mime_type"": ""jpeg""}, ""medium"": {""url"": ""user/icon_51f97418-2b32-11ec-a611-e47307e27ca6.medium.20211130035329.jpg"", ""width"": 320, ""height"": 320, ""mime_type"": ""jpeg""}, ""large"": {""url"": ""user/icon_51f97418-2b32-11ec-a611-e47307e27ca6.large.20211130035329.jpg"", ""width"": 800, ""height"": 800, ""mime_type"": ""jpeg""}}",2021-11-30 03:53:30.351,naka,1.0,0.0
76,5a6f3046-4069-11ec-a263-f83ea6bbf7d9,3749e61a-4069-11ec-8a08-42bb4df25e80,,,user/icon_5a6f3046406911eca263f83ea6bbf7d9.20211108075617.jpg,3923.0,"{""default"": {""url"": ""user/icon_5a6f3046406911eca263f83ea6bbf7d9.20211108075617.jpg"", ""width"": 1080, ""height"": 1080, ""mime_type"": ""jpeg""}, ""tiny"": {""url"": ""user/icon_5a6f3046406911eca263f83ea6bbf7d9.tiny.20211108075617.jpg"", ""width"": 80, ""height"": 80, ""mime_type"": ""jpeg""}, ""small"": {""url"": ""user/icon_5a6f3046406911eca263f83ea6bbf7d9.small.20211108075617.jpg"", ""width"": 160, ""height"": 160, ""mime_type"": ""jpeg""}, ""medium"": {""url"": ""user/icon_5a6f3046406911eca263f83ea6bbf7d9.medium.20211108075617.jpg"", ""width"": 320, ""height"": 320, ""mime_type"": ""jpeg""}, ""large"": {""url"": ""user/icon_5a6f3046406911eca263f83ea6bbf7d9.large.20211108075617.jpg"", ""width"": 800, ""height"": 800, ""mime_type"": ""jpeg""}}",,HiepHunbie,,0.0
77,4e773010-26ae-11ec-86e7-2d14f8cdb560,3c4bd922-26ae-11ec-8083-7a199bf68349,,,user/icon_4e77301026ae11ec86e72d14f8cdb560.jpg,2682.0,,,yyyyy789,,0.0
78,06d920de-2f59-11ec-9373-ad39edf6ac0a,f4a93ae8-2f58-11ec-99ec-aa61ce6d5b83,,,user/icon_06d920de2f5911ec9373ad39edf6ac0a.jpg,8089.0,,,111111,,0.0
79,328e3f5a-26af-11ec-8052-dd2f67b527c5,0894cb74-26af-11ec-b2be-7a199bf68349,,,user/icon_328e3f5a26af11ec8052dd2f67b527c5.jpg,6492.0,,,nxbxbxbx,,0.0
80,519c5076-13b3-11ec-8d2b-85770158019f,4516536a-13b3-11ec-b040-c2a2e4675990,,,user/icon_519c507613b311ec8d2b85770158019f.jpg,848.0,,,mai7,,0.0
81,41c6951c-2c9f-11ec-82d0-e106f52a34e2,14663cee-2c9f-11ec-a7a6-ea00471996f7,,,user/icon_41c6951c-2c9f-11ec-82d0-e106f52a34e2.20211123024725.jpg,5533.0,"{""default"": {""url"": ""user/icon_41c6951c-2c9f-11ec-82d0-e106f52a34e2.20211123024725.jpg"", ""width"": 736, ""height"": 736, ""mime_type"": ""jpeg""}, ""tiny"": {""url"": ""user/icon_41c6951c-2c9f-11ec-82d0-e106f52a34e2.tiny.20211123024725.jpg"", ""width"": 80, ""height"": 80, ""mime_type"": ""jpeg""}, ""small"": {""url"": ""user/icon_41c6951c-2c9f-11ec-82d0-e106f52a34e2.small.20211123024725.jpg"", ""width"": 160, ""height"": 160, ""mime_type"": ""jpeg""}, ""medium"": {""url"": ""user/icon_41c6951c-2c9f-11ec-82d0-e106f52a34e2.medium.20211123024725.jpg"", ""width"": 320, ""height"": 320, ""mime_type"": ""jpeg""}}",2021-11-23 02:47:26.101,Rosie5,1.0,0.0
82,d77ed69a-303d-11ec-845f-488586ca003d,bb1bf05a-303d-11ec-9057-6ea474f4bd5c,,,user/icon_d77ed69a303d11ec845f488586ca003d.jpg,6647.0,,,Rosie,,0.0
83,ad8f565a-2fc2-11ec-9a27-3d6a13b81089,87718740-2fc2-11ec-9a75-6ea474f4bd5c,,,user/icon_ad8f565a2fc211ec9a273d6a13b81089.jpg,4013.0,,,s1to9,,0.0
84,ecf5aa48-04ce-11ec-a192-38bd7bb180af,bfe3d21e-04ce-11ec-bb1f-37b2bf635650,Ken,,user/icon_ecf5aa48-04ce-11ec-a192-38bd7bb180af.2021-10-19 05:42:30.240377.jpg,8746.0,"{""default"": {""url"": ""user/icon_ecf5aa48-04ce-11ec-a192-38bd7bb180af.2021-10-19 05:42:30.240377.jpg"", ""width"": 1424, ""height"": 1424, ""mime_type"": ""jpeg""}, ""tiny"": {""url"": ""user/icon_ecf5aa48-04ce-11ec-a192-38bd7bb180af.tiny.2021-10-19 05:42:30.443979.jpg"", ""width"": 80, ""height"": 80, ""mime_type"": ""jpeg""}, ""small"": {""url"": ""user/icon_ecf5aa48-04ce-11ec-a192-38bd7bb180af.small.2021-10-19 05:42:30.616463.jpg"", ""width"": 160, ""height"": 160, ""mime_type"": ""jpeg""}, ""medium"": {""url"": ""user/icon_ecf5aa48-04ce-11ec-a192-38bd7bb180af.medium.2021-10-19 05:42:30.743464.jpg"", ""width"": 320, ""height"": 320, ""mime_type"": ""jpeg""}, ""large"": {""url"": ""user/icon_ecf5aa48-04ce-11ec-a192-38bd7bb180af.large.2021-10-19 05:42:30.914511.jpg"", ""width"": 800, ""height"": 800, ""mime_type"": ""jpeg""}}",2021-10-19 05:42:31.028,ken,1.0,0.0
85,1da1c5f6-2661-11ec-9655-7ce5dc071448,f6de9f06-2657-11ec-92a8-b69eff093efe,,,user/icon_1da1c5f6266111ec96557ce5dc071448.jpg,9001.0,,,TestAccount,,0.0
86,4e4de56c-5191-11ec-b5fc-8b1e5dd28187,2b4fffb4-5191-11ec-9f40-de93715fb5d8,,,user/icon_4e4de56c519111ecb5fc8b1e5dd28187.20211130035506.jpg,1597.0,"{""default"": {""url"": ""user/icon_4e4de56c519111ecb5fc8b1e5dd28187.20211130035506.jpg"", ""width"": 1000, ""height"": 1000, ""mime_type"": ""jpeg""}, ""tiny"": {""url"": ""user/icon_4e4de56c519111ecb5fc8b1e5dd28187.tiny.20211130035506.jpg"", ""width"": 80, ""height"": 80, ""mime_type"": ""jpeg""}, ""small"": {""url"": ""user/icon_4e4de56c519111ecb5fc8b1e5dd28187.small.20211130035506.jpg"", ""width"": 160, ""height"": 160, ""mime_type"": ""jpeg""}, ""medium"": {""url"": ""user/icon_4e4de56c519111ecb5fc8b1e5dd28187.medium.20211130035506.jpg"", ""width"": 320, ""height"": 320, ""mime_type"": ""jpeg""}, ""large"": {""url"": ""user/icon_4e4de56c519111ecb5fc8b1e5dd28187.large.20211130035506.jpg"", ""width"": 800, ""height"": 800, ""mime_type"": ""jpeg""}}",,Rosie,,0.0
87,4bfb4e0a-30ec-11ec-91fb-f8f2a374e9b4,ec386c64-30eb-11ec-8de6-b25fc0b029f1,,,user/icon_4bfb4e0a30ec11ec91fbf8f2a374e9b4.20211019145319.jpg,2841.0,"{""default"": {""url"": ""user/icon_4bfb4e0a30ec11ec91fbf8f2a374e9b4.20211019145319.jpg"", ""width"": 4032, ""height"": 3024, ""mime_type"": ""jpeg""}, ""tiny"": {""url"": ""user/icon_4bfb4e0a30ec11ec91fbf8f2a374e9b4.tiny.20211019145319.jpg"", ""width"": 60, ""height"": 80, ""mime_type"": ""jpeg""}, ""small"": {""url"": ""user/icon_4bfb4e0a30ec11ec91fbf8f2a374e9b4.small.20211019145319.jpg"", ""width"": 120, ""height"": 160, ""mime_type"": ""jpeg""}, ""medium"": {""url"": ""user/icon_4bfb4e0a30ec11ec91fbf8f2a374e9b4.medium.20211019145319.jpg"", ""width"": 240, ""height"": 320, ""mime_type"": ""jpeg""}, ""large"": {""url"": ""user/icon_4bfb4e0a30ec11ec91fbf8f2a374e9b4.large.20211019145319.jpg"", ""width"": 600, ""height"": 800, ""mime_type"": ""jpeg""}}",,mai1959,,0.0
88,e13d56ee-26af-11ec-bcf9-2f83af37ead3,d7813bde-26af-11ec-92a8-b69eff093efe,,,user/icon_e13d56ee26af11ecbcf92f83af37ead3.jpg,1859.0,,,gjmjjjj,,0.0
89,e1f70866-15d7-11ec-a3eb-b241eaa27330,5f9112c2-15d7-11ec-bef7-fe46da0c8a72,,,user/icon_e1f7086615d711eca3ebb241eaa27330.jpg,7224.0,,,camjameson,,0.0
90,bbb2643c-0fc6-11ec-8074-4faf40b2c45d,17f2a89e-0f8e-11ec-94df-9a1e772cbdbb,,,user/icon_bbb2643c0fc611ec80744faf40b2c45d.jpg,2340.0,,,user5,,0.0
91,ab3cef0c-0d62-11ec-b814-28065fc4bc16,f0fc7830-0d5f-11ec-bda2-966c55895925,,,user/icon_ab3cef0c0d6211ecb81428065fc4bc16.jpg,8531.0,,,hahajjjn,,0.0
92,e90cab02-2c9c-11ec-af4e-d2185cefa386,b9235a80-2c9c-11ec-b2e0-ea00471996f7,,,user/icon_e90cab022c9c11ecaf4ed2185cefa386.jpg,8711.0,,,Rosie4,,0.0
93,82c9294c-3c50-11ec-9f3d-c2fee70e49b7,49fb0f18-3c50-11ec-bafa-5a6052b0ab8d,,,user/icon_82c9294c3c5011ec9f3dc2fee70e49b7.20211103024823.jpg,6019.0,"{""default"": {""url"": ""user/icon_82c9294c3c5011ec9f3dc2fee70e49b7.20211103024823.jpg"", ""width"": 1000, ""height"": 1000, ""mime_type"": ""jpeg""}, ""tiny"": {""url"": ""user/icon_82c9294c3c5011ec9f3dc2fee70e49b7.tiny.20211103024823.jpg"", ""width"": 80, ""height"": 80, ""mime_type"": ""jpeg""}, ""small"": {""url"": ""user/icon_82c9294c3c5011ec9f3dc2fee70e49b7.small.20211103024823.jpg"", ""width"": 160, ""height"": 160, ""mime_type"": ""jpeg""}, ""medium"": {""url"": ""user/icon_82c9294c3c5011ec9f3dc2fee70e49b7.medium.20211103024823.jpg"", ""width"": 320, ""height"": 320, ""mime_type"": ""jpeg""}, ""large"": {""url"": ""user/icon_82c9294c3c5011ec9f3dc2fee70e49b7.large.20211103024823.jpg"", ""width"": 800, ""height"": 800, ""mime_type"": ""jpeg""}}",,android.help,,0.0
94,db4785ce-0f90-11ec-a8d9-0e763030274a,c8b03a00-0f90-11ec-8e02-6a9bd2d4ab2e,,,user/icon_db4785ce0f9011eca8d90e763030274a.jpg,8242.0,,,mai7,,0.0
95,82fa4b7c-2a70-11ec-b9a9-68a1928bb62f,7644e2b6-2a70-11ec-b42f-ce986bc56ea3,,,user/icon_82fa4b7c2a7011ecb9a968a1928bb62f.jpg,8251.0,,,mai121,,0.0
96,a78bf0b0-331e-11ec-8695-639fdd278489,7dcb06c6-331e-11ec-b384-9aa282f7c53e,,,user/icon_a78bf0b0331e11ec8695639fdd278489.20211022095849.jpg,476.0,"{""default"": {""url"": ""user/icon_a78bf0b0331e11ec8695639fdd278489.20211022095849.jpg"", ""width"": 1000, ""height"": 1000, ""mime_type"": ""jpeg""}, ""tiny"": {""url"": ""user/icon_a78bf0b0331e11ec8695639fdd278489.tiny.20211022095849.jpg"", ""width"": 80, ""height"": 80, ""mime_type"": ""jpeg""}, ""small"": {""url"": ""user/icon_a78bf0b0331e11ec8695639fdd278489.small.20211022095849.jpg"", ""width"": 160, ""height"": 160, ""mime_type"": ""jpeg""}, ""medium"": {""url"": ""user/icon_a78bf0b0331e11ec8695639fdd278489.medium.20211022095849.jpg"", ""width"": 320, ""height"": 320, ""mime_type"": ""jpeg""}, ""large"": {""url"": ""user/icon_a78bf0b0331e11ec8695639fdd278489.large.20211022095849.jpg"", ""width"": 800, ""height"": 800, ""mime_type"": ""jpeg""}}",,Rosie,,0.0
97,06f23510-0d62-11ec-a8ee-e158091ba534,f0fc7830-0d5f-11ec-bda2-966c55895925,,,user/icon_06f235100d6211eca8eee158091ba534.jpg,4584.0,,,bnnnn,,0.0
98,575b6584-04b2-11ec-bb3d-f588c7c0ed92,8be8d1ec-04a8-11ec-bb1f-37b2bf635650,I'm Jay1,,,7045.0,,,jay1,,1.0
99,a46f027e-2b39-11ec-864c-871e624f89be,7f97ecb7-2b39-11ec-8c2a-4ccc6afa8976,,,,5754.0,,,james,,0.0
100,df173a56-3d1b-11ec-ad45-85e5cd26bc8e,c55e6ef4-3d1b-11ec-acd6-fe22532df339,,,user/icon_df173a563d1b11ecad4585e5cd26bc8e.20211104030405.jpg,2351.0,"{""default"": {""url"": ""user/icon_df173a563d1b11ecad4585e5cd26bc8e.20211104030405.jpg"", ""width"": 1001, ""height"": 1001, ""mime_type"": ""jpeg""}, ""tiny"": {""url"": ""user/icon_df173a563d1b11ecad4585e5cd26bc8e.tiny.20211104030405.jpg"", ""width"": 80, ""height"": 80, ""mime_type"": ""jpeg""}, ""small"": {""url"": ""user/icon_df173a563d1b11ecad4585e5cd26bc8e.small.20211104030405.jpg"", ""width"": 160, ""height"": 160, ""mime_type"": ""jpeg""}, ""medium"": {""url"": ""user/icon_df173a563d1b11ecad4585e5cd26bc8e.medium.20211104030405.jpg"", ""width"": 320, ""height"": 320, ""mime_type"": ""jpeg""}, ""large"": {""url"": ""user/icon_df173a563d1b11ecad4585e5cd26bc8e.large.20211104030405.jpg"", ""width"": 800, ""height"": 800, ""mime_type"": ""jpeg""}}",,Rosie3,,0.0
101,56b6ae12-388e-11ec-9321-94f3cbfcd478,235d3716-388e-11ec-b3bd-6ae8d7ae99bc,,,user/icon_56b6ae12388e11ec932194f3cbfcd478.20211029080053.jpg,6772.0,"{""default"": {""url"": ""user/icon_56b6ae12388e11ec932194f3cbfcd478.20211029080053.jpg"", ""width"": 1000, ""height"": 1000, ""mime_type"": ""jpeg""}, ""tiny"": {""url"": ""user/icon_56b6ae12388e11ec932194f3cbfcd478.tiny.20211029080053.jpg"", ""width"": 80, ""height"": 80, ""mime_type"": ""jpeg""}, ""small"": {""url"": ""user/icon_56b6ae12388e11ec932194f3cbfcd478.small.20211029080053.jpg"", ""width"": 160, ""height"": 160, ""mime_type"": ""jpeg""}, ""medium"": {""url"": ""user/icon_56b6ae12388e11ec932194f3cbfcd478.medium.20211029080053.jpg"", ""width"": 320, ""height"": 320, ""mime_type"": ""jpeg""}, ""large"": {""url"": ""user/icon_56b6ae12388e11ec932194f3cbfcd478.large.20211029080053.jpg"", ""width"": 800, ""height"": 800, ""mime_type"": ""jpeg""}}",,amory,,0.0
102,32864a02-360e-11ec-ad43-eabb42695bfd,0598f972-3546-11ec-93c4-cae06ffd4ce7,,,user/icon_32864a02360e11ecad43eabb42695bfd.20211026033834.jpg,8634.0,"{""default"": {""url"": ""user/icon_32864a02360e11ecad43eabb42695bfd.20211026033834.jpg"", ""width"": 1000, ""height"": 1000, ""mime_type"": ""jpeg""}, ""tiny"": {""url"": ""user/icon_32864a02360e11ecad43eabb42695bfd.tiny.20211026033834.jpg"", ""width"": 80, ""height"": 80, ""mime_type"": ""jpeg""}, ""small"": {""url"": ""user/icon_32864a02360e11ecad43eabb42695bfd.small.20211026033834.jpg"", ""width"": 160, ""height"": 160, ""mime_type"": ""jpeg""}, ""medium"": {""url"": ""user/icon_32864a02360e11ecad43eabb42695bfd.medium.20211026033834.jpg"", ""width"": 320, ""height"": 320, ""mime_type"": ""jpeg""}, ""large"": {""url"": ""user/icon_32864a02360e11ecad43eabb42695bfd.large.20211026033834.jpg"", ""width"": 800, ""height"": 800, ""mime_type"": ""jpeg""}}",,mai789,,0.0
103,b460a7cc-0f88-11ec-b9e5-5d2619ae4803,f8fe0af0-096b-11ec-ab7a-921cf1529c3e,,,user/icon_b460a7cc0f8811ecb9e55d2619ae4803.jpg,6397.0,,,mai9,,0.0
